"RijschoolNaam"," Telefoonnummer"," Email"," Website","ZB Status","ZB Sub status","ZB Account","ZB Domain","ZB First Name","ZB Last Name","ZB Gender","ZB Free Email","ZB MX Found","ZB MX Record","ZB SMTP Provider","ZB Did You Mean","ZB Last Known Activity","ZB Activity Data Count","ZB Activity Data Types","ZB Activity Data Channels"
"Alblas Verkeersschool","None","info@alblas.net","http://www.alblas.net/","do_not_mail","role_based","info","alblas.net","","","","False","true","alblas-net.mail.protection.outlook.com","microsoft","","","","",""
"Autorijschool Adam En Eva","072 571 58 71","info@verkeersschooladam-eva.nl","http://www.adam-eva.nl/","do_not_mail","role_based","info","verkeersschooladam-eva.nl","","","","False","true","verkeersschooladameva-nl04e.mail.protection.outlook.com","microsoft","","","","",""
"Autorijschool AIDA","020 363 71 86","info@rijschoolaida.nl","http://www.rijschoolaida.nl/","do_not_mail","role_based","info","rijschoolaida.nl","","","","False","true","mail.rijschoolaida.nl","","","","","",""
"Autorijschool Atlas","072 512 76 60","info@rijschoolatlas.nl","http://www.rijschoolatlas.nl/","do_not_mail","role_based","info","rijschoolatlas.nl","","","","False","true","rijschoolatlas.nl","","","","","",""
"Autorijschool Coach","06 48 68 08 28","info@autorijschoolcoach.nl","http://www.autorijschoolcoach.nl/","do_not_mail","role_based","info","autorijschoolcoach.nl","","","","False","true","mx10.versio.nl","","","","","",""
"Autorijschool De Commandeurs","0251 24 62 05","info@commandeurs.nl","None","do_not_mail","role_based","info","commandeurs.nl","","","","False","true","mail.commandeurs.nl","","","","","",""
"Autorijschool Elite","072 511 61 43","info@rijschoolelite.nl","http://www.rijschoolelite.nl/","do_not_mail","role_based","info","rijschoolelite.nl","","","","False","true","rijschoolelite-nl.mail.protection.outlook.com","microsoft","","","","",""
"Autorijschool Evre","033 298 22 70","info@autorijschoolevre.nl","http://www.autorijschoolevre.nl/","do_not_mail","role_based","info","autorijschoolevre.nl","","","","False","true","mx.transip.email","","","","","",""
"Autorijschool Goedhart","None","info@autorijschoolgoedhart.nl","http://www.autorijschoolgoedhart.nl/","do_not_mail","role_based_catch_all","info","autorijschoolgoedhart.nl","","","","False","true","autorijschoolgoedhart.nl","","","","","",""
"Autorijschool Groenland","0251 22 06 08","info@rijschoolgroenland.nl","https://www.rijschoolgroenland.nl/","do_not_mail","role_based_catch_all","info","rijschoolgroenland.nl","","","","False","true","rijschoolgroenland-nl.mail.protection.outlook.com","microsoft","","","","",""
"Autorijschool Hoogeboom","0226 39 3038","info@autorijschoolhoogeboom.nl","http://www.autorijschoolhoogeboom.nl/","do_not_mail","role_based","info","autorijschoolhoogeboom.nl","","","","False","true","mx1.antispam-login.net","","","","","",""
"Autorijschool Jozz","0251 65 04 01","info@autorijschooljozz.nl","None","do_not_mail","role_based","info","autorijschooljozz.nl","","","","False","true","linux2025.webawere.nl","","","","","",""
"Autorijschool Kick","None","info@autorijschoolkick.nl","http://www.autorijschoolkick.nl/","do_not_mail","role_based_catch_all","info","autorijschoolkick.nl","","","","False","true","autorijschoolkick-nl.mail.protection.outlook.com","microsoft","","","","",""
"Autorijschool Rainbow","0251 22 63 08","info@rijschoolrainbow.nl","http://www.rijschoolrainbow.nl/","do_not_mail","role_based_catch_all","info","rijschoolrainbow.nl","","","","False","true","mx.spamservice.nl","","","","","",""
"Autorijschool Succes op Weg","072 74 35 837","info@succesopweg.nl","https://www.succesopweg.nl/","do_not_mail","role_based","info","succesopweg.nl","","","","False","true","mx3.pub.mailpod9-cph3.one.com","","","","","",""
"Danesh Autorijschool","06 16 11 88 21","info@danesh-rijschool.nl","None","do_not_mail","role_based","info","danesh-rijschool.nl","","","","False","true","smtp.rzone.de","","","","","",""
"Dicx Auto- & Motorrijschool","None","info@dicxrijschool.nl","http://www.dicxrijschool.nl/","do_not_mail","role_based","info","dicxrijschool.nl","","","","False","true","mx.transip.email","","","","","",""
"Jac Groot Auto- en Motorrijschool v.o.f.","072 505 13 06","info@jacgroot.nl","http://www.jacgroot.nl/","do_not_mail","role_based","info","jacgroot.nl","","","","False","true","mail.jacgroot.nl","","","","","",""
"LesGo B.V.","06 13 84 23 02","info@lesgo.nl","http://www.lesgo.nl/","do_not_mail","role_based_catch_all","info","lesgo.nl","","","","False","true","mx1.cloudorb.com","","","","","",""
"MJ-rijschool","072  220 0769","info@mjrijschool.nl","http://www.mjrijschool.nl/","do_not_mail","role_based","info","mjrijschool.nl","","","","False","true","mx2.supremebox.com","","","","","",""
"RijbewijsExpress","0725317416","info@rijbewijsexpress.nl","http://www.rijbewijsexpress.nl/","do_not_mail","role_based","info","rijbewijsexpress.nl","","","","False","true","h4-da.mijn.host","","","","","",""
"RijbewijsSnel.nl","020 771 50 23","info@rijbewijssnel.nl","http://www.rijbewijssnel.nl/","do_not_mail","role_based","info","rijbewijssnel.nl","","","","False","true","mx10.antispam.mailspamprotection.com","siteground","","","","",""
"RijLess.nl","None","info@rijless.nl","None","do_not_mail","role_based_catch_all","info","rijless.nl","","","","False","true","filter01.hostedxl.nl","","","","","",""
"RijopleidingAlex.nl","0255 51 94 54","info@rijopleidingAlex.nl","http://www.rijopleidingalex.nl/","do_not_mail","role_based","info","rijopleidingalex.nl","","","","False","true","mail.rijopleidingalex.nl","","","","","",""
"Rijschool Dennis","0251 31 21 17","info@rijschooldennis.nl","http://www.rijschooldennis.nl/","do_not_mail","role_based_catch_all","info","rijschooldennis.nl","","","","False","true","mx1.mijndomein.nl","","","","","",""
"Appie Rijschool","06 14 98 79 99","info@autorijschoolappie.nl","http://www.autorijschoolappie.nl/","do_not_mail","role_based","info","autorijschoolappie.nl","","","","False","true","mail.autorijschoolappie.nl","","","","","",""
"Autorijschool Rijtechnologie","074 243 55 73","info@rijtechnologie.nl","https://rijtechnologie.nl/","do_not_mail","role_based_catch_all","info","rijtechnologie.nl","","","","False","true","mail.rijtechnologie.nl","","","","","",""
"Autorijschool van Dalm","074 291 82 00","info@vandalm.nl","http://www.vandalm.nl/","do_not_mail","global_suppression","info","vandalm.nl","","","","False","true","mailx.xnsregistrar.com","","","","","",""
"De Rijopleider B.V.","None","info@derijopleider.nl","http://www.derijopleider.nl/","do_not_mail","role_based","info","derijopleider.nl","","","","False","true","mx.ns0.email","","","","","",""
"Ezendam Rijopleidingen","074 367 63 33","info@ezendam.nl","http://www.ezendam.nl/","do_not_mail","role_based_catch_all","info","ezendam.nl","","","","False","true","ezendam-nl.mail.protection.outlook.com","microsoft","","","","",""
"Richard Fluttert","074 243 43 17","info@rijschoolfluttert.nl","http://www.rijschoolfluttert.nl/","do_not_mail","role_based_catch_all","info","rijschoolfluttert.nl","","","","False","true","smtp.rzone.de","","","","","",""
"V.O.F. Autorijschool Lakerink","053 435 65 33","info@rijschoollakerink.nl","None","do_not_mail","role_based","info","rijschoollakerink.nl","","","","False","true","mail.rijschoollakerink.nl","","","","","",""
"Verkeersschool Brookhuis","None","info@brookhuisverkeersschool.nl","http://www.brookhuisverkeersschool.nl/","do_not_mail","role_based","info","brookhuisverkeersschool.nl","","","","False","true","brookhuisverkeersschool-nl.mail.protection.outlook.com","microsoft","","","","",""
"Autorijschool G. van Driel","0182 37 06 75","info@autorijles.nu","http://www.autorijles.nu/","do_not_mail","role_based","info","autorijles.nu","","","","False","true","mx1.mail-scanner.eu","","","","","",""
"Autorijschool J. v. Asselt v.o.f.","0172 47 01 99","info@autorijschoolvanasselt.nl","None","do_not_mail","role_based","info","autorijschoolvanasselt.nl","","","","False","true","mx2-hostnet-nl.pub.mailpod13-cph3.one.com","","","","","",""
"Autorijschool Kameraad","0182 52 26 96","info@rijschoolkameraad.nl","None","do_not_mail","role_based_catch_all","info","rijschoolkameraad.nl","","","","False","true","smtp.rzone.de","","","","","",""
"Autorijschool Lagrouw","0182 61 25 19","info@rijschoollagrouw.nl","http://www.rijschoollagrouw.nl/","do_not_mail","role_based","info","rijschoollagrouw.nl","","","","False","true","mx10.antispam.mailspamprotection.com","siteground","","","","",""
"Autorijschool Van de Riet","0546785350","info@autorijschoolvanderiet.nl","None","do_not_mail","role_based","info","autorijschoolvanderiet.nl","","","","False","true","mailfilter.hostnet.nl","","","","","",""
"Rijschool Joke V.O.F.","0547 36 27 50","info@rijschool-joke.nl","http://www.rijschool-joke.nl/","do_not_mail","role_based_catch_all","info","rijschool-joke.nl","","","","False","true","rijschooljoke-nl02c.mail.protection.outlook.com","microsoft","","","","",""
"Rijschool Lansink","0546 81 53 09","info@rijschool-guidolansink.nl","http://www.rijschool-guidolansink.nl/","do_not_mail","role_based","info","rijschool-guidolansink.nl","","","","False","true","mx-in-3.webreus.nl","","","","","",""
"Rijschool Ligtenberg","0523 27 08 78","info@rijschoolligtenberg.nl","http://www.rijschoolligtenberg.nl/","do_not_mail","role_based_catch_all","info","rijschoolligtenberg.nl","","","","False","true","primary.mail.pcextreme.nl","","","","","",""
"Rijschool Nijmeijer","0548624176","info@rijschoolnijmeijer.nl","None","do_not_mail","role_based","info","rijschoolnijmeijer.nl","","","","False","true","mail.rijschoolnijmeijer.nl","","","","","",""
"Rijschool Rotman","0546 84 22 60","info@rijschoolrotman.nl","http://www.rijschoolrotman.nl/","do_not_mail","role_based","info","rijschoolrotman.nl","","","","False","true","mail.rijschoolrotman.nl","","","","","",""
"Rijschool Sanna","0548 62 10 90","info@rijschoolsanna.nl","None","do_not_mail","role_based","info","rijschoolsanna.nl","","","","False","true","antispamcluster.protagonist.nl","","","","","",""
"Rijschool van der Vinne","052 326 55 21","info@rijschoolvandervinne.nl","http://www.rijschoolvandervinne.nl/","do_not_mail","role_based","info","rijschoolvandervinne.nl","","","","False","true","mail.rijschoolvandervinne.nl","","","","","",""
"Rijschool Wolters","06 24 68 79 89","info@rijschoolwolters.nl","https://www.rijschoolwolters.nl/","do_not_mail","role_based","info","rijschoolwolters.nl","","","","False","true","balder.willow-media.nl","","","","","",""
"Rohof Verkeersopleidingen","None","info@rohofverkeersopleidingen.nl","None","do_not_mail","role_based_catch_all","info","rohofverkeersopleidingen.nl","","","","False","true","mail.heplatform.nl","","","","","",""
"Verkeersschool Brünen B.V.","None","info@brunen.nl","http://www.brunen.nl/","do_not_mail","role_based","info","brunen.nl","","","","False","true","brunen-nl.mail.protection.outlook.com","microsoft","","","","",""
"AAK-Rijopleidingen","020 612 07 08","info@rijschoolaak.nl","http://www.rijschoolaak.nl/","do_not_mail","role_based","info","rijschoolaak.nl","","","","False","true","mail.rijschoolaak.nl","","","","","",""
"Amsterdamse Verkeersopleidingen","0202601300","info@avoweb.nl","http://www.avoweb.nl/","do_not_mail","role_based_catch_all","info","avoweb.nl","","","","False","true","mail.avoweb.nl","","","","","",""
"Auto- en Motorrijschool Caland","020 785 5743","info@rijschoolcaland.nl","http://www.rijschoolcaland.nl/","do_not_mail","role_based","info","rijschoolcaland.nl","","","","False","true","rijschoolcaland.nl","","","","","",""
"Auto- en Motorrijschool Hippe Amstelveen","None","info@hippe-amstelveen.nl","http://www.hippe-amstelveen.nl/","do_not_mail","role_based","info","hippe-amstelveen.nl","","","","False","true","mx.hippe-amstelveen.nl.cust.b.hostedemail.com","accelerator","","","","",""
"Auto- en motorrijschool Proficiat","023 526 05 30","info@rijschoolproficiat.nl","http://www.rijschoolproficiat.nl/","do_not_mail","role_based_catch_all","info","rijschoolproficiat.nl","","","","False","true","rijschoolproficiat-nl.mail.protection.outlook.com","microsoft","","","","",""
"Auto-Rijschool V. En S.","None","info@rijschoolvs.nl","None","do_not_mail","role_based_catch_all","info","rijschoolvs.nl","","","","False","true","smtp02.rpdaihosting.net","","","","","",""
"automaatrijschool","None","info@automaatrijschool.nl","http://www.automaatrijschool.nl/","do_not_mail","role_based","info","automaatrijschool.nl","","","","False","true","mx2.mijndomein.nl","","","","","",""
"Autorijschool 5 Sterren","None","info@rijschool5sterren.nl","http://www.rijschool5sterren.nl/","do_not_mail","role_based_catch_all","info","rijschool5sterren.nl","","","","False","true","rijschool5sterren.nl","","","","","",""
"Autorijschool A10","020 412 43 54","info@rijschoola10.nl","http://www.rijschoola10.nl/","do_not_mail","role_based","info","rijschoola10.nl","","","","False","true","smtp.rzone.de","","","","","",""
"Autorijschool Aha","06 51 71 78 04","info@autorijschoolaha.nl","http://www.autorijschoolaha.nl/","do_not_mail","role_based","info","autorijschoolaha.nl","","","","False","true","mail.autorijschoolaha.nl","","","","","",""
"Autorijschool Ayana","None","info@autorijschoolayana.nl","https://www.autorijschoolayana.nl/","do_not_mail","role_based","info","autorijschoolayana.nl","","","","False","true","mail.autorijschoolayana.nl","","","","","",""
"Autorijschool Dakar","0297 34 28 63","info@rijschooldakar.nl","http://www.rijschooldakar.nl/","do_not_mail","role_based_catch_all","info","rijschooldakar.nl","","","","False","true","rijschooldakar.nl","","","","","",""
"Rijschool Spencer","06 12 50 28 25","info@rijschoolspencer.nl","None","do_not_mail","role_based","info","rijschoolspencer.nl","","","","False","true","mail.rijschoolspencer.nl","","","","","",""
"Rijschool Stuivenvolt","None","INFO@STUIVENVOLT.NL","http://www.stuivenvolt.nl/","do_not_mail","role_based","info","stuivenvolt.nl","","","","False","true","stuivenvolt.nl","","","","","",""
"Rijschool Ton de Haan","06 22 41 38 15","info@tondehaan.nl","http://www.tondehaan.nl/","do_not_mail","role_based_catch_all","info","tondehaan.nl","","","","False","true","mail.tondehaan.nl","","","","","",""
"Rijschool van Hees","075 616 51 29","info@rijschoolvanhees.nl","http://www.rijschoolvanhees.nl/","do_not_mail","role_based","info","rijschoolvanhees.nl","","","","False","true","mail.rijschoolvanhees.nl","","","","","",""
"Rijschool White Way Akyol","06 14 88 25 33","info@whiteway.nl","None","do_not_mail","role_based","info","whiteway.nl","","","","False","true","mx.transip.email","","","","","",""
"Rijskula","088 877 6655","hello@rijskula.nl","https://rijskula.nl/","do_not_mail","role_based","hello","rijskula.nl","","","","False","true","mx-in-1.webreus.nl","","","","","",""
"Ronchetti Verkeersopleidingen","None","info@ronchetti.nl","http://www.ronchetti.nl/","do_not_mail","role_based","info","ronchetti.nl","","","","False","true","mail.ronchetti.nl","","","","","",""
"S. Mahes-Prithipalsingh","020 683 68 15","info@rijschoolmahes.nl","http://www.rijschoolmahes.nl/","do_not_mail","role_based_catch_all","info","rijschoolmahes.nl","","","","False","true","ms.denit.net","","","","","",""
"SafeLes","020 786 07 78","info@safeles.nl","None","do_not_mail","role_based","info","safeles.nl","","","","False","true","mx10.antispam.mailspamprotection.com","siteground","","","","",""
"Sodrive Rijopleidingen B.V.","None","info@sodrive.nl","http://www.sodrive.nl/","do_not_mail","role_based","info","sodrive.nl","","","","False","true","sodrive-nl.mail.protection.outlook.com","microsoft","","","","",""
"Startnu Rijopleiding","075 750 68 87","info@startnurijopleiding.nl","http://www.startnurijopleiding.nl/","do_not_mail","role_based","info","startnurijopleiding.nl","","","","False","true","smtpin.rzone.de","","","","","",""
"Theoriecentrum De Komeet","None","info@theoriecentrumkomeet.nl","http://www.theoriecentrumkomeet.nl/","do_not_mail","role_based","info","theoriecentrumkomeet.nl","","","","False","true","theoriecentrumkomeet-nl.mail.protection.outlook.com","microsoft","","","","",""
"Tom de Keizer","075 631 05 00","info@tomdekeizer.nl","http://www.tomdekeizer.nl/","do_not_mail","role_based_catch_all","info","tomdekeizer.nl","","","","False","true","mx.sohoix.com","","","","","",""
"Top-Drive","085 064 78 68","info@top-drive.nl","None","do_not_mail","role_based","info","top-drive.nl","","","","False","false","","","","","","",""
"Toprijbewijs B.V.","06 39 43 53 73","info@toprijbewijs.nl","None","do_not_mail","role_based","info","toprijbewijs.nl","","","","False","true","mx3.mailpod13-cph3.g1i.hostnet.nl","","","","","",""
"Universal Drive","06 16 75 28 32","info@universaldrive.nl","https://universaldrive.nl/","do_not_mail","role_based","info","universaldrive.nl","","","","False","true","mx.transip.email","","","","","",""
"VDR Verkeersopleidingen","023 561 17 90","info@vdrverkeersopleidingen.nl","http://www.vdrverkeersopleidingen.nl/","do_not_mail","role_based","info","vdrverkeersopleidingen.nl","","","","False","true","mail.vdrverkeersopleidingen.nl","","","","","",""
"Verkeerscollege.com","0297 25 06 38","info@verkeerscollege.com","http://www.verkeerscollege.com/","do_not_mail","role_based","info","verkeerscollege.com","","","","False","true","mail48.designpro.nl","","","","","",""
"Verkeersschool Drive A car","0639190643","info@driveacar.nl","https://www.driveacar.nl/","do_not_mail","role_based","info","driveacar.nl","","","","False","true","smtp.rzone.de","","","","","",""
"Verkeersschool My Way","None","info@verkeersschoolmyway.nl","None","do_not_mail","role_based_catch_all","info","verkeersschoolmyway.nl","","","","False","true","nso-mx1.titanhq.com","","","","","",""
"Rijschool Alphenaar","023 751 63 25","info@rijschoolalphenaar.nl","http://www.alphenaar.ws/","do_not_mail","role_based","info","rijschoolalphenaar.nl","","","","False","true","mx1.hostinger.com","hostinger","","","","",""
"Rijschool BiMa","None","info@rijschoolbima.com","https://www.rijschool-bima.nl/","do_not_mail","role_based","info","rijschoolbima.com","","","","False","true","mail.rijschoolbima.com","","","","","",""
"Rijschool De Broers","None","Info@rijschooldebroers.nl","https://rijschooldebroers.nl/","do_not_mail","role_based_catch_all","info","rijschooldebroers.nl","","","","False","true","rijschooldebroers.nl","","","","","",""
"Rijschool Delfin VOF","085 401 29 55","info@rijschooldelfin.nl","None","do_not_mail","role_based_catch_all","info","rijschooldelfin.nl","","","","False","true","mx10.antispam.mailspamprotection.com","siteground","","","","",""
"Rijschool Dinie","0251 25 34 12","info@rijschooldinie.nl","None","do_not_mail","role_based","info","rijschooldinie.nl","","","","False","true","mx4.mailpod13-cph3.g1i.hostnet.nl","","","","","",""
"Rijschool Fly & Drive","0229844350","info@rijschoolflydrive.nl","None","do_not_mail","role_based","info","rijschoolflydrive.nl","","","","False","true","mx1.mijndomein.nl","","","","","",""
"Rijschool For You","072 571 86 61","info@rijschoolforyou.nl","http://www.rijschoolforyou.nl/","do_not_mail","role_based","info","rijschoolforyou.nl","","","","False","true","rijschoolforyou.nl","","","","","",""
"Rijschool Heemskerk","025182 94 65","info@rijschoolheemskerk.nl","http://www.rijschoolheemskerk.nl/","do_not_mail","role_based_catch_all","info","rijschoolheemskerk.nl","","","","False","true","mx10.antispam.mailspamprotection.com","siteground","","","","",""
"Rijschool Heerhugowaard","072 879 56 56","info@rijschool-heerhugowaard.nl","None","do_not_mail","role_based","info","rijschool-heerhugowaard.nl","","","","False","true","smtp.rzone.de","","","","","",""
"Rijschool Krijnsen","0226 72 22 02","info@rijschoolkrijnsen.nl","http://www.rijschoolkrijnsen.nl/","do_not_mail","role_based","info","rijschoolkrijnsen.nl","","","","False","true","mail.rijschoolkrijnsen.nl","","","","","",""
"Rijschool L. Buis","020 685 31 00","info@rijschoolbuis.nl","None","do_not_mail","role_based","info","rijschoolbuis.nl","","","","False","true","mail1.isnnl.com","","","","","",""
"Rijschool Pieter","0224 75 24 54","info@rijschool-pieter.nl","None","do_not_mail","role_based","info","rijschool-pieter.nl","","","","False","true","mx2.mailpod13-cph3.g1i.hostnet.nl","","","","","",""
"Rijschool Rick","0224 745 655","info@rijschoolrick.nl","None","do_not_mail","role_based_catch_all","info","rijschoolrick.nl","","","","False","true","rijschoolrick-nl.mail.protection.outlook.com","microsoft","","","","",""
"1BASIS","085 130 46 38","info@1basis.nl","http://www.rijschool1basis.nl/","do_not_mail","role_based","info","1basis.nl","","","","False","true","smtp.rzone.de","","","","","",""
"AL Amur","None","info@alamurrijschool.nl","None","do_not_mail","role_based","info","alamurrijschool.nl","","","","False","true","mx1-hosting.jellyfish.systems","","","","","",""
"Alpina drive","010 880 61 00","info@rijschool-alpina.nl","None","do_not_mail","role_based","info","rijschool-alpina.nl","","","","False","true","aspmx.l.google.com","g-suite","","","","",""
"Autorijschool Dylano","0786455837","info@rijschooldylano.nl","http://www.rijschooldylano.nl/","do_not_mail","role_based","info","rijschooldylano.nl","","","","False","true","mail.rijschooldylano.nl","","","","","",""
"Autorijschool Serona Citydrive","0104382833","info@serona.nl","None","do_not_mail","role_based","info","serona.nl","","","","False","true","mail.serona.nl","","","","","",""
"Autorijschool 'Dorine van der Willik'","0187 49 35 69","info@dorinevanderwillik.nl","http://www.dorinevanderwillik.nl/","do_not_mail","role_based_catch_all","info","dorinevanderwillik.nl","","","","False","true","dorinevanderwillik-nl.mail.protection.outlook.com","microsoft","","","","",""
"Autorijschool Bernard Hoezen","06 51 52 44 67","info@bernardhoezen.nl","None","do_not_mail","role_based","info","bernardhoezen.nl","","","","False","true","mx17.zonnet.nl","","","","","",""
"Autorijschool Euro Power","010 474 02 24","info@rijschooleuropower.nl","http://www.rijschooleuropower.nl/","do_not_mail","role_based","info","rijschooleuropower.nl","","","","False","true","mx.spamexperts.com","spamexperts","","","","",""
"Rijschool Schagen","0224 722 039","info@rijschoolschagen.nl","http://www.rijschoolschagen.nl/","do_not_mail","role_based","info","rijschoolschagen.nl","","","","False","true","primary.yourfilter.nl","","","","","",""
"Rijschool Siegers","06 41 18 42 05","info@rijschoolsiegers.nl","http://www.rijschoolsiegers.nl/","do_not_mail","role_based","info","rijschoolsiegers.nl","","","","False","true","spam1.hosting2go.nl","","","","","",""
"Rijschool Stad van de Zon","072 743 37 71","info@rijschoolstadvandezon.nl","None","do_not_mail","role_based_catch_all","info","rijschoolstadvandezon.nl","","","","False","true","rijschoolstadvandezon-nl.mail.protection.outlook.com","microsoft","","","","",""
"Rijschool Talander","072 581 34 16","info@rijschooltalander.nl","http://www.rijschooltalander.nl/","do_not_mail","role_based_catch_all","info","rijschooltalander.nl","","","","False","true","rijschooltalander.nl","","","","","",""
"Rijschool Van Voorst","None","info@rijschoolvanvoorst.nl","http://www.rijschoolvanvoorst.nl/","do_not_mail","role_based","info","rijschoolvanvoorst.nl","","","","False","true","mail.rijschoolvanvoorst.nl","","","","","",""
"Roadmasters Rijopleidingen","075 234 05 55","info@roadmasters.nl","http://www.roadmasters.nl/","do_not_mail","role_based","info","roadmasters.nl","","","","False","true","roadmasters-nl.mail.protection.outlook.com","microsoft","","","","",""
"Storm Verkeersopleidingen","0251 67 11 85","INFO@STORMVERKEERSOPLEIDINGEN.NL","http://www.stormverkeersopleidingen.nl/","do_not_mail","role_based","info","stormverkeersopleidingen.nl","","","","False","true","stormverkeersopleidingen-nl.mail.protection.outlook.com","microsoft","","","","",""
"Top Drive Henk Lassing","06 50 62 81 16","info@topdrive.nl","None","do_not_mail","role_based","info","topdrive.nl","","","","False","true","mail.topdrive.nl","","","","","",""
"Verkeersschool Alkmaar","None","info@verkeersschoolalkmaar.nl","http://www.verkeersschoolalkmaar.nl/","do_not_mail","role_based_catch_all","info","verkeersschoolalkmaar.nl","","","","False","true","mailfilter1.lbimail.nl","","","","","",""
"Verkeersschool ROAD","072 572 35 70","info@verkeersschoolroad.nl","https://www.verkeersschoolroad.nl/","do_not_mail","role_based","info","verkeersschoolroad.nl","","","","False","true","mx.transip.email","","","","","",""
"Verkeersschool Sens","646917711","info@verkeersschoolsens.nl","http://www.verkeersschoolsens.nl/","do_not_mail","role_based","info","verkeersschoolsens.nl","","","","False","true","verkeersschoolsens.nl","","","","","",""
"Verkeersschool Istha","0224 53 15 86","info@istha.nl","http://www.istha.nl/","do_not_mail","role_based","info","istha.nl","","","","False","true","istha-nl.mail.protection.outlook.com","microsoft","","","","",""
"Verkeersschool Jongejan","0223 64 18 05","info@verkeersschool-jongejan.nl","http://www.verkeersschool-jongejan.nl/","do_not_mail","role_based","info","verkeersschool-jongejan.nl","","","","False","true","mail.verkeersschool-jongejan.nl","","","","","",""
"Verkeersschool Noordzee","015 212 39 38","info@nzdelft.nl","http://www.nzdelft.nl/","do_not_mail","role_based","info","nzdelft.nl","","","","False","true","mail.nzdelft.nl","","","","","",""
"Verkeersschool Versterre","None","info@versterre.nl","http://www.versterre.nl/","do_not_mail","role_based","info","versterre.nl","","","","False","true","mail.versterre.nl","","","","","",""
"Auto- en Motorrijschool Leo Zwakenberg","0548 61 16 06","info@rijschool-zwakenberg.nl","None","do_not_mail","role_based_catch_all","info","rijschool-zwakenberg.nl","","","","False","true","rijschoolzwakenberg-nl02c.mail.protection.outlook.com","microsoft","","","","",""
"Autorijschool Ebbers","074 266 75 75","info@verkeersschoolebbers.nl","http://www.verkeersschoolebbers.nl/","do_not_mail","role_based","info","verkeersschoolebbers.nl","","","","False","true","mx01.provider.nl","","","","","",""
"Hartemink Verkeersopleidingen B.V.","0545 47 20 10","info@hartemink.nl","http://www.hartemink.nl/","do_not_mail","role_based_catch_all","info","hartemink.nl","","","","False","true","hartemink-nl.mail.protection.outlook.com","microsoft","","","","",""
"Hofman Advies Training en Opleiding","085 273 63 60","info@janhofman.nl","None","do_not_mail","role_based","info","janhofman.nl","","","","False","true","janhofman-nl.mail.protection.outlook.com","microsoft","","","","",""
"Marissink Rijopleidingen","06 225 408 75","info@marissinkrijopleidingen.nl","http://www.marissinkrijopleidingen.nl/","do_not_mail","role_based","info","marissinkrijopleidingen.nl","","","","False","true","mx10.antispam.mailspamprotection.com","siteground","","","","",""
"Rijopleiding Edwin Rutgers","0548 65 56 71","info@edwinrutgers.nl","http://www.edwinrutgers.nl/","do_not_mail","role_based_catch_all","info","edwinrutgers.nl","","","","False","true","spamrelay.zxcs.nl","","","","","",""
"Rijschool Berno Harmsen","548544329","info@rijschoolbernoharmsen.nl","None","do_not_mail","role_based","info","rijschoolbernoharmsen.nl","","","","False","true","rijschoolbernoharmsen.nl","","","","","",""
"Rijschool Bianca","0546 64 44 77","info@rijschoolbianca.nl","http://www.rijschoolbianca.nl/","do_not_mail","role_based_catch_all","info","rijschoolbianca.nl","","","","False","true","mail.rijschoolbianca.nl","","","","","",""
"Rijschool Emmanuel","0546 86 65 60","info@rijschoolemmanuel.nl","http://www.rijschoolemmanuel.nl/","do_not_mail","role_based","info","rijschoolemmanuel.nl","","","","False","false","","","","","","",""
"Verkeersschool Drive-Easy","053 477 02 20","info@drive-easy.nl","http://www.drive-easy.nl/","do_not_mail","role_based","info","drive-easy.nl","","","","False","true","mail.bouwhuisit.nl","","","","","",""
"Verkeersschool Wagenmans","0548 61 34 38","info@rijschool-wagenmans.nl","None","do_not_mail","role_based","info","rijschool-wagenmans.nl","","","","False","true","mail.invendi.net","","","","","",""
"Autorijschool J. Weeling","020 684 97 10","info@weeling.nl","http://www.weeling.nl/","do_not_mail","role_based_catch_all","info","weeling.nl","","","","False","true","mailin1.weeling.nl","","","","","",""
"Autorijschool Marcel Haaima","023 561 19 21","info@rijschoolhaaima.nl","None","do_not_mail","role_based","info","rijschoolhaaima.nl","","","","False","true","mxs10.esmero.nl","","","","","",""
"Autorijschool Nieuw Amsterdam B.V.","None","info@rijschoolnieuwamsterdam.nl","http://www.rijschoolnieuwamsterdam.nl/","do_not_mail","role_based_catch_all","info","rijschoolnieuwamsterdam.nl","","","","False","true","spamrelay.zxcs.nl","","","","","",""
"Autorijschool Sandra Bakker","None","info@rijschoolbakker.nl","http://www.rijschoolbakker.nl/","do_not_mail","role_based","info","rijschoolbakker.nl","","","","False","true","mail1.isnnl.com","","","","","",""
"autorijschool sylvia borst","020 681 46 41","info@autorijschoolsylviaborst.nl","http://www.autorijschoolsylviaborst.nl/","do_not_mail","role_based","info","autorijschoolsylviaborst.nl","","","","False","true","mail.autorijschoolsylviaborst.nl","","","","","",""
"High Quality Drivingschool Holland","036 533 78 99","info@hq-driving.nl","http://www.hq-driving.nl/","do_not_mail","role_based","info","hq-driving.nl","","","","False","true","aspmx.l.google.com","g-suite","","","","",""
"International Driving School LIMA Amsterdam","None","info@lima-amsterdam.nl","None","do_not_mail","role_based_catch_all","info","lima-amsterdam.nl","","","","False","true","aspmx.l.google.com","g-suite","","","","",""
"L.C. Lauritsen","0252 67 49 94","info@lauritsen.nl","http://www.lauritsen.nl/","do_not_mail","role_based","info","lauritsen.nl","","","","False","true","mail.lauritsen.nl","","","","","",""
"Lawal Autorijschool","020 845 12 29","info@lawalautorijschool.nl","None","do_not_mail","role_based","info","lawalautorijschool.nl","","","","False","true","antispamcluster.protagonist.nl","","","","","",""
"lesxl.nl","020 308 68 06","info@lesbuddy.nl","None","do_not_mail","role_based","info","lesbuddy.nl","","","","False","true","smtp.rzone.de","","","","","",""
"Patron verkeersopleidingen","020 777 08 06","info@patronverkeersopleidingen.nl","None","do_not_mail","role_based","info","patronverkeersopleidingen.nl","","","","False","true","smtp.rzone.de","","","","","",""
"Power 2 Drive","06 31 97 49 09","info@power2drive.nl","None","do_not_mail","role_based","info","power2drive.nl","","","","False","true","mx1.mijndomein.nl","","","","","",""
"Rijlesboeken.nl B.V.","085 1303 688","info@rijlesboeken.nl","None","do_not_mail","role_based_catch_all","info","rijlesboeken.nl","","","","False","true","spamrelay.zxcs.nl","","","","","",""
"Rijschool Green","020 345 13 33","info@rijschoolgreen.nl","http://www.rijschoolgreen.nl/","do_not_mail","role_based_catch_all","info","rijschoolgreen.nl","","","","False","true","rijschoolgreen-nl.mail.protection.outlook.com","microsoft","","","","",""
"Rijschool Amsterdam B.V.","020 238 95 00","info@rijschoolamsterdam.nl","None","do_not_mail","role_based","info","rijschoolamsterdam.nl","","","","False","true","mx.transip.email","","","","","",""
"Rijschool Collewijn","020 613 33 39","info@collewijn.net","http://www.collewijn.net/","do_not_mail","role_based_catch_all","info","collewijn.net","","","","False","true","nso-mx2.titanhq.com","","","","","",""
"Rijschool Company","020 260 01 05","info@rijschoolcompany.nl","None","do_not_mail","role_based","info","rijschoolcompany.nl","","","","False","true","rijschoolcompany.nl","","","","","",""
"Rijschool EvA","0681566805","info@rijschool-eva.nl","None","do_not_mail","role_based","info","rijschool-eva.nl","","","","False","true","mx.soverin.net","","","","","",""
"Rijschool Flits","0181 61 34 27","info@rijschoolflits.nl","http://www.rijschoolflits.nl/","do_not_mail","role_based_catch_all","info","rijschoolflits.nl","","","","False","true","nso-mx2.titanhq.com","","","","","",""
"Rijschool Haarlemmermeer B.V.","023 205 2664","info@rijschoolhaarlemmermeer.com","None","do_not_mail","role_based","info","rijschoolhaarlemmermeer.com","","","","False","true","primary.yourfilter.nl","","","","","",""
"Rijschool Hotaman","None","info@hotaman.nl","http://www.hotaman.nl/","do_not_mail","global_suppression","info","hotaman.nl","","","","False","true","mailx.xnsregistrar.com","","","","","",""
"Rijschool imove","020 822 35 81","info@rijschool-imove.nl","http://www.rijschoolimove.nl/","do_not_mail","role_based_catch_all","info","rijschool-imove.nl","","","","False","true","rijschool-imove.nl","","","","","",""
"Rijschool Marlee","06 24 74 95 92","info@rijschoolmarlee.nl","None","do_not_mail","role_based","info","rijschoolmarlee.nl","","","","False","true","rijschoolmarlee-nl.mail.protection.outlook.com","microsoft","","","","",""
"Rijschool Meteoor","020 611 84 03","INFO@METEOOR-RIJSCHOOL.NL","http://www.meteoor-rijschool.nl/","do_not_mail","role_based","info","meteoor-rijschool.nl","","","","False","true","meteoorrijschool-nl01i.mail.protection.outlook.com","microsoft","","","","",""
"Rijschool Moen","None","info@rijschoolmoen.nl","http://www.rijschoolmoen.nl/","do_not_mail","role_based","info","rijschoolmoen.nl","","","","False","true","mx1.pub.mailpod5-cph3.one.com","","","","","",""
"Rijschool Overtoom B.V.","020 683 04 19","info@rijschoolovertoom.nl","http://www.rijschoolovertoom.nl/","do_not_mail","role_based","info","rijschoolovertoom.nl","","","","False","true","rijschoolovertoom-nl.mail.protection.outlook.com","microsoft","","","","",""
"Rijschool P. Detmers","023 565 04 25","info@detmers.nl","http://www.detmers.nl/","do_not_mail","role_based","info","detmers.nl","","","","False","true","smtp.rzone.de","","","","","",""
"Verkeersschool Nelen B.V.","None","info@nelen.nl","http://www.nelen.nl/","do_not_mail","role_based","info","nelen.nl","","","","False","true","nelen-nl.mail.protection.outlook.com","microsoft","","","","",""
"Verkeersschool Safety First (Verkeersinstituut Amsterdam)","None","info@rijschool-safetyfirst.nl","http://www.rijschool-dorland.nl/","do_not_mail","role_based","info","rijschool-safetyfirst.nl","","","","False","true","mail.rijschool-safetyfirst.nl","","","","","",""
"Verkeersschool Storm","020 497 03 80","invoice@directvipservice.nl","http://www.verkeersschoolstorm.nl/","do_not_mail","role_based","invoice","directvipservice.nl","","","","False","true","directvipservice.nl","","","","","",""
"Verkeersschool vd Laan","0297 32 03 78","info@vd-laan.eu","http://www.vd-laan.eu/","do_not_mail","role_based_catch_all","info","vd-laan.eu","","","","False","true","mx1.mijndomein.nl","","","","","",""
"Wolf Rijbewijsshop.nl","None","info@wolf.nl","http://www.wolfrijbewijsshop.nl/","do_not_mail","role_based","info","wolf.nl","","","","False","true","wolf-nl.mail.protection.outlook.com","microsoft","","","","",""
"Xpress Rijopleiding.nl","020 233 12 59","info@xpressrijopleiding.nl","http://www.xpressrijopleiding.nl/","do_not_mail","role_based","info","xpressrijopleiding.nl","","","","False","true","xpressrijopleiding-nl.mail.protection.outlook.com","microsoft","","","","",""
"A12 Opleidingen B.V.","0316 24 73 50","info@a12opleidingen.nl","None","do_not_mail","role_based","info","a12opleidingen.nl","","","","False","true","a12opleidingen-nl.mail.protection.outlook.com","microsoft","","","","",""
"Auto- en Motorrijschool Krabbenborg","0544 37 64 51","info@rijschoolkrabbenborg.nl","http://www.rijschoolkrabbenborg.nl/","do_not_mail","role_based","info","rijschoolkrabbenborg.nl","","","","False","true","mail.rijschoolkrabbenborg.nl","","","","","",""
"Autorijschool de Witt","026 312 03 34","info@rijschooldewitt.nl","None","do_not_mail","role_based","info","rijschooldewitt.nl","","","","False","true","mail.doelbewust.nl","","","","","",""
"Autorijschool Driversseat","0544 37 72 20","info@driversseat.nl","None","do_not_mail","role_based_catch_all","info","driversseat.nl","","","","False","true","mx1.mijndomein.nl","","","","","",""
"Autorijschool Eric Berntsen","0315 32 35 74","info@ericberntsen.nl","http://www.ericberntsen.nl/","do_not_mail","role_based","info","ericberntsen.nl","","","","False","true","mail.ericberntsen.nl","","","","","",""
"Autorijschool Heijmink","0316 54 22 53","info@rijschoolheijmink.nl","http://www.rijschoolheijmink.nl/","do_not_mail","role_based","info","rijschoolheijmink.nl","","","","False","true","mx-in-3.webreus.nl","","","","","",""
"Autorijschool Johan Kämink","0543 45 20 99","info@kamink.nl","None","do_not_mail","role_based","info","kamink.nl","","","","False","true","mx11.hostingdiscounter.nl","","","","","",""
"Autorijschool Johan Verberk","026 362 26 82","info@johanverberk.nl","http://www.johanverberk.nl/","do_not_mail","role_based_catch_all","info","johanverberk.nl","","","","False","true","mail.websiteman.nl","","","","","",""
"Autorijschool Kemperman","0316529531","info@autorijschoolkemperman.nl","None","do_not_mail","role_based","info","autorijschoolkemperman.nl","","","","False","true","mailfilter.spamhq.nl","","","","","",""
"Autorijschool Straatsma","06 51365571","info@autorijschoolstraatsma.nl","http://www.autorijschoolstraatsma.nl/","do_not_mail","role_based","info","autorijschoolstraatsma.nl","","","","False","true","mail.autorijschoolstraatsma.nl","","","","","",""
"Autorijschool Van Ingen","0544 462 120","info@autorijschoolvaningen.nl","None","do_not_mail","role_based_catch_all","info","autorijschoolvaningen.nl","","","","False","true","mx1.je-eigen-domein.nl","","","","","",""
"Autorijschool Wim Steintjes","0313 47 49 46","info@wimsteintjes.nl","http://www.wimsteintjes.nl/","do_not_mail","role_based","info","wimsteintjes.nl","","","","False","true","wimsteintjes.nl","","","","","",""
"Drive & Taxi Instituut","0615952893","info@drive-taxi-instituut.nl","https://www.drive-taxi-instituut.nl/","do_not_mail","role_based","info","drive-taxi-instituut.nl","","","","False","true","mail.jouwweb.nl","","","","","",""
"Into Traffic","026 213 79 18","info@intotraffic.nl","http://www.intotraffic.nl/","do_not_mail","role_based","info","intotraffic.nl","","","","False","true","aspmx.l.google.com","g-suite","","","","",""
"Louana Rijopleidingen B.V.","0316 52 84 54","info@louana.nl","http://www.louana.nl/","do_not_mail","role_based","info","louana.nl","","","","False","true","louana-nl.mail.protection.outlook.com","microsoft","","","","",""
"Quickles.nl","0316 52 74 64","info@quickles.nl","None","do_not_mail","role_based_catch_all","info","quickles.nl","","","","False","true","mail.quickles.nl","","","","","",""
"Rem & Go","None","info@rem-go.nl","http://www.rem-go.nl/","do_not_mail","role_based_catch_all","info","rem-go.nl","","","","False","true","remgo-nl0i.mail.protection.outlook.com","microsoft","","","","",""
"rijden met marcel","06 22 75 07 28","info@rijdenmetmarcel.nl","http://www.rijdenmetmarcel.nl/","do_not_mail","role_based","info","rijdenmetmarcel.nl","","","","False","true","rijdenmetmarcel.nl","","","","","",""
"Rijschool De Rooij","0575 53 04 94","info@rijschoolderooij.nl","http://www.rijschoolderooij.nl/","do_not_mail","role_based","info","rijschoolderooij.nl","","","","False","false","","","","","","",""
"Rijschool Groothuis","0544 84 25 85","info@autorijschoolwimgroothuis.nl","http://www.autorijschoolwimgroothuis.nl/","do_not_mail","role_based","info","autorijschoolwimgroothuis.nl","","","","False","true","mail.autorijschoolwimgroothuis.nl","","","","","",""
"Rijschool No Stress","085 400 9004","info@rijschoolnostress.nl","https://www.rijschoolnostress.nl/","do_not_mail","role_based","info","rijschoolnostress.nl","","","","False","true","mail.rijschoolnostress.nl","","","","","",""
"Rijschool Rob Janssen.nl","0316 28 44 12","info@rijschoolrobjanssen.nl","None","do_not_mail","role_based","info","rijschoolrobjanssen.nl","","","","False","true","antispamcluster.protagonist.nl","","","","","",""
"Rijwijzer Verkeersscholen B.V.","085 06 06 113","info@dekinkelderrijopleidingen.nl","https://dekinkelderrijopleidingen.nl/","do_not_mail","role_based","info","dekinkelderrijopleidingen.nl","","","","False","true","mx3.pub.mailpod11-cph3.one.com","","","","","",""
"Rond Oer","0315683937","info@rondoer.nl","None","do_not_mail","role_based","info","rondoer.nl","","","","False","true","smtp.rzone.de","","","","","",""
"V.O.F. Rijschool Stellinga","0545 47 32 21","info@stellinga.nl","http://www.stellinga.nl/","do_not_mail","role_based","info","stellinga.nl","","","","False","true","mail.stellinga.nl","","","","","",""
"Verkeersschool Frank Massop","0543 52 16 09","info@frankmassop.nl","https://frankmassop.nl/","do_not_mail","role_based","info","frankmassop.nl","","","","False","true","smtp.rzone.de","","","","","",""
"Verkeersschool Ingrid van Perlo","085 201 96 46","info@vip-rijschool.nl","https://vip-rijschool.nl/","do_not_mail","role_based","info","vip-rijschool.nl","","","","False","true","mail.vip-rijschool.nl","","","","","",""
"Verkeersschool Inzicht","026 446 28 56","Info@verkeersschool-inzicht.nl","http://verkeersschool-inzicht.nl/","do_not_mail","role_based_catch_all","info","verkeersschool-inzicht.nl","","","","False","true","verkeersschool-inzicht.nl","","","","","",""
"Verkeersschool Jaap Speelziek","085 48 77 131","info@speelziek.nl","http://www.speelziek.nl/","do_not_mail","role_based_catch_all","info","speelziek.nl","","","","False","true","filter01.cloudet.nl","","","","","",""
"Verkeersschool Lemaire","0314 366 696","info@verkeersschoollemaire.nl","https://verkeersschoollemaire.nl/","do_not_mail","role_based","info","verkeersschoollemaire.nl","","","","False","true","mx1.mijndomein.nl","","","","","",""
"Verkeersschool Richard Kaya","0314 35 97 59","info@richardkaya.nl","http://www.richardkaya.nl/","do_not_mail","role_based","info","richardkaya.nl","","","","False","true","mail.jouwweb.nl","","","","","",""
"Verkeersschool Striekwold B.V.","0314 34 61 03","info@striekwold.nl","None","do_not_mail","role_based","info","striekwold.nl","","","","False","true","striekwold-nl.mail.protection.outlook.com","microsoft","","","","",""
"Verkeersschool Wisselink","0315 24 15 24","info@verkeersschool-wisselink.nl","None","do_not_mail","role_based","info","verkeersschool-wisselink.nl","","","","False","true","mail.verkeersschool-wisselink.nl","","","","","",""
"VSL Verkeerseducatie VOF","085303 0789","info@rijschoolVSL.nl","https://www.rijschoolvsl.nl/","do_not_mail","role_based","info","rijschoolvsl.nl","","","","False","true","mx3.mailpod13-cph3.g1i.hostnet.nl","","","","","",""
"Aagje Autorijschool","036 534 49 19","info@aagje-autorijschool.nl","http://www.aagje-autorijschool.nl/","do_not_mail","role_based","info","aagje-autorijschool.nl","","","","False","true","mx.spamexperts.com","spamexperts","","","","",""
"Auto-/Motorrijschool Andre","036 534 74 74","info@verkeersschoolandre.nl","http://www.verkeersschoolandre.nl/","do_not_mail","role_based","info","verkeersschoolandre.nl","","","","False","true","verkeersschoolandre-nl.mail.protection.outlook.com","microsoft","","","","",""
"Autorijschool Jawa","035 601 46 21","info@rijschooljawa.nl","http://www.rijschooljawa.nl/","do_not_mail","role_based","info","rijschooljawa.nl","","","","False","true","mail.rijschooljawa.nl","","","","","",""
"Autorijschool AB Almere","036 533 32 21","info@ab-almere.nl","None","do_not_mail","role_based_catch_all","info","ab-almere.nl","","","","False","true","primary.yourfilter.nl","","","","","",""
"Autorijschool Atlas Traffic","357731920","info@autorijschoolatlas.nl","http://www.autorijschoolatlas.nl/","do_not_mail","role_based","info","autorijschoolatlas.nl","","","","False","true","mail.autorijschoolatlas.nl","","","","","",""
"Autorijschool B.P. Keppel","035 683 77 67","info@autorijschool-keppel.nl","http://www.autorijschool-keppel.nl/","do_not_mail","role_based","info","autorijschool-keppel.nl","","","","False","true","mail.autorijschool-keppel.nl","","","","","",""
"Autorijschool Caroline de Vries","06 22 41 79 71","info@autorijschool-carolinedevries.nl","http://www.autorijschool-carolinedevries.nl/","do_not_mail","role_based","info","autorijschool-carolinedevries.nl","","","","False","true","mail.autorijschool-carolinedevries.nl","","","","","",""
"Autorijschool De Amerhorst","033 475 70 46","info@deamerhorst.nl","None","do_not_mail","role_based","info","deamerhorst.nl","","","","False","true","smtp.rzone.de","","","","","",""
"Autorijschool Gooijer","06 23 34 30 58","info@autorijschoolgooijer.nl","http://www.autorijschoolgooijer.nl/","do_not_mail","role_based_catch_all","info","autorijschoolgooijer.nl","","","","False","true","smtp.rzone.de","","","","","",""
"Autorijschool Helmig","06 53 38 13 47","info@autorijschool-helmig.nl","http://www.autorijschool-helmig.nl/","do_not_mail","role_based","info","autorijschool-helmig.nl","","","","False","true","mail.autorijschool-helmig.nl","","","","","",""
"Autorijschool Hilversum","None","info@autorijschoolhilversum.nl","None","do_not_mail","role_based","info","autorijschoolhilversum.nl","","","","False","true","mail.autorijschoolhilversum.nl","","","","","",""
"Autorijschool Mulder","035 683 18 85","info@autorijschool-mulder.nl","http://www.autorijschool-mulder.nl/","do_not_mail","role_based_catch_all","info","autorijschool-mulder.nl","","","","False","true","mail.autorijschool-mulder.nl","","","","","",""
"Autorijschool Nawied","035 623 01 24","k-momeni@yahoo.com","None","do_not_mail","disposable","k-momeni","yahoo.com","","","","True","true","mta7.am0.yahoodns.net","yahoo","","","","",""
"Autorijschool Rij Je Wijs","06 48 56 66 17","info@rij-je-wijs.nl","http://www.rij-je-wijs.nl/","do_not_mail","role_based","info","rij-je-wijs.nl","","","","False","true","mail.rij-je-wijs.nl","","","","","",""
"Autorijschool Saan","None","info@autorijschoolsaan.nl","http://www.autorijschoolsaan.nl/","do_not_mail","role_based","info","autorijschoolsaan.nl","","","","False","true","autorijschoolsaan-nl.mail.protection.outlook.com","microsoft","","","","",""
"Autorijschool Sapmaz","033 494 55 89","info@sapmaz.nl","None","do_not_mail","role_based","info","sapmaz.nl","","","","False","true","mail.sapmaz.nl","","","","","",""
"Autorijschool Sarian","035 542 26 85","info@autorijschoolsarian.nl","http://www.ars-sarian.nl/","do_not_mail","role_based","info","autorijschoolsarian.nl","","","","False","true","mx.transip.email","","","","","",""
"Autorijschool Top","035 621 08 43","info@automotorrijschooltop.nl","http://www.topverkeersschool.nl/","do_not_mail","role_based","info","automotorrijschooltop.nl","","","","False","true","mail.automotorrijschooltop.nl","","","","","",""
"Bosch Veenstra","035 624 80 13","info@bosch-veenstra.nl","http://www.bosch-veenstra.nl/","do_not_mail","role_based","info","bosch-veenstra.nl","","","","False","true","aspmx.l.google.com","g-suite","","","","",""
"Bruinsma Verkeersopleidingen","None","info@bruinsma.nl","http://www.bruinsma.nl/","do_not_mail","role_based_catch_all","info","bruinsma.nl","","","","False","true","bruinsma-nl.mail.protection.outlook.com","microsoft","","","","",""
"EVR Almere","06 14 14 14 92","info@evralmere.nl","http://www.evralmere.nl/","do_not_mail","role_based","info","evralmere.nl","","","","False","true","mx.transip.email","","","","","",""
"HanoDrive B.V.","06 19 04 72 39","info@rijschool-hanodrive.nl","https://www.rijschool-hanodrive.nl/","do_not_mail","role_based","info","rijschool-hanodrive.nl","","","","False","true","mail.rijschool-hanodrive.nl","","","","","",""
"Jezuvis","0365 25 05 02","info@autorijschooljezuvis.nl","https://www.autorijschooljezuvis.nl/","do_not_mail","role_based","info","autorijschooljezuvis.nl","","","","False","true","mx4.pub.mailpod10-cph3.one.com","","","","","",""
"Marianne Rijschool","035 642 42 21","info@mariannerijschool.nl","http://www.mariannerijschool.nl/","do_not_mail","role_based_catch_all","info","mariannerijschool.nl","","","","False","true","aspmx.l.google.com","g-suite","","","","",""
"NXXT Verkeersscholen B.V.","085 040 0000","info@nxxt.nl","None","do_not_mail","role_based","info","nxxt.nl","","","","False","true","nxxt-nl.mail.protection.outlook.com","microsoft","","","","",""
"Rij & Verkeersopleiding Centrum (R.V.C.)","06 54 78 77 41","info@rvc.nu","None","do_not_mail","role_based_catch_all","info","rvc.nu","","","","False","true","rvc.nu","","","","","",""
"Rijbewijs Company","06 55 70 55 30","info@rijbewijscompany.nl","http://www.rijbewijscompany.nl/","do_not_mail","role_based","info","rijbewijscompany.nl","","","","False","true","maildrop1.argewebhosting.nl","","","","","",""
"Rijschool Awin","036 535 43 75","info@rijschoolawin.nl","http://www.rijschoolawin.nl/","do_not_mail","role_based_catch_all","info","rijschoolawin.nl","","","","False","true","mail.rijschoolawin.nl","","","","","",""
"Rijschool Hosanna","0368417837","info@rijschoolhosanna.nl","http://www.rijschoolhosanna.nl/","do_not_mail","role_based","info","rijschoolhosanna.nl","","","","False","true","mx1.mailpod13-cph3.g1i.hostnet.nl","","","","","",""
"Rijschool KawaRob","036 529 09 48","info@kawarob.nl","http://www.kawarob.nl/","do_not_mail","role_based","info","kawarob.nl","","","","False","true","maildrop3.argewebhosting.nl","","","","","",""
"Rijschool LUCY","0368 412 840","info@rijschoollucy.nl","None","do_not_mail","role_based","info","rijschoollucy.nl","","","","False","true","rijschoollucy.nl","","","","","",""
"Rijschool Nicoles","0365464632","info@rijschoolnicoles.nl","http://www.rijschoolnicoles.nl/","do_not_mail","role_based_catch_all","info","rijschoolnicoles.nl","","","","False","true","rijschoolnicoles-nl.mail.protection.outlook.com","microsoft","","","","",""
"Rijschool Rens & Rens","06 21 18 76 36","info@rens-en-rens.nl","None","do_not_mail","role_based","info","rens-en-rens.nl","","","","False","true","mail.rens-en-rens.nl","","","","","",""
"Rijschoolhuizen.com","None","info@rijschoolhuizen.com","http://www.rijschoolhuizen.com/","do_not_mail","role_based_catch_all","info","rijschoolhuizen.com","","","","False","true","spamrelay.zxcs.nl","","","","","",""
"Verkeersopleidingen Chris van der Poel","06 41 61 55 96","info@theoriecentrumhuizen.nl","http://www.theoriecentrumhuizen.nl/","do_not_mail","role_based","info","theoriecentrumhuizen.nl","","","","False","true","mail.theoriecentrumhuizen.nl","","","","","",""
"Verkeersopleidingen Jan ter Beek B.V.","035 699 79 00","info@janterbeek.nl","http://www.janterbeek.nl/","do_not_mail","role_based_catch_all","info","janterbeek.nl","","","","False","true","janterbeek-nl.mail.protection.outlook.com","microsoft","","","","",""
"Voogt","None","info@autorijschool-voogt.nl","http://www.autorijschool-voogt.nl/","do_not_mail","role_based","info","autorijschool-voogt.nl","","","","False","true","mail.autorijschool-voogt.nl","","","","","",""
"Auto en Motorrijschool Jan Heezen","None","info@rijschoolheezen.nl","http://www.rijschoolheezen.nl/","do_not_mail","role_based","info","rijschoolheezen.nl","","","","False","true","rijschoolheezen-nl.mail.protection.outlook.com","microsoft","","","","",""
"Auto- en Motorrijschool Wegwijs V.O.F.","0499 47 29 17","info@rijschoolwegwijs.nl","http://www.rijschoolwegwijs.nl/","do_not_mail","role_based_catch_all","info","rijschoolwegwijs.nl","","","","False","true","delta03.onlinqserver.nl","","","","","",""
"Auto- en Motorrijschool Mario Smulders","040 285 84 51","info@mariosmulders.nl","http://www.mariosmulders.nl/","do_not_mail","role_based","info","mariosmulders.nl","","","","False","true","mariosmulders-nl.mail.protection.outlook.com","microsoft","","","","",""
"Autorijschool & Transportservice Paul J. Lievens","0499 57 32 99","info@les-liever-lievens.nl","http://www.les-liever-lievens.nl/","do_not_mail","role_based","info","les-liever-lievens.nl","","","","False","true","mx.kpnmail.nl","","","","","",""
"Autorijschool Aydin","040 292 79 25","info@aydin.nl","http://www.aydin.nl/","do_not_mail","role_based","info","aydin.nl","","","","False","true","mx11.hostingdiscounter.nl","","","","","",""
"Autorijschool Best","None","info@autorijschoolbest.com","None","do_not_mail","role_based","info","autorijschoolbest.com","","","","False","true","mail.autorijschoolbest.com","","","","","",""
"Autorijschool De Kempen","None","info@rijschooldekempen.nl","None","do_not_mail","role_based","info","rijschooldekempen.nl","","","","False","true","mx4.mailpod13-cph3.g1i.hostnet.nl","","","","","",""
"Autorijschool de Toekomst V.O.F.","0497 64 42 03","info@autorijschooldetoekomst.info","https://autorijschooldetoekomst.info/","do_not_mail","role_based_catch_all","info","autorijschooldetoekomst.info","","","","False","true","autorijschooldetoekomst-info.mail.protection.outlook.com","microsoft","","","","",""
"Autorijschool Hooge Mierde","None","info@autorijschoolhoogemierde.nl","None","do_not_mail","role_based","info","autorijschoolhoogemierde.nl","","","","False","true","mx.transip.email","","","","","",""
"Autorijschool Memo","0499 39 16 01","info@autorijschoolmemo.nl","None","do_not_mail","role_based","info","autorijschoolmemo.nl","","","","False","true","mail.jouwweb.nl","","","","","",""
"Autorijschool RBC","0625153807","info@autorijschoolrbc.nl","http://www.autorijschoolrbc.nl/","do_not_mail","role_based","info","autorijschoolrbc.nl","","","","False","true","smtp.rzone.de","","","","","",""
"Autorijschool Rij-Wijers","040 257 00 32","info@rij-wijers.nl","None","do_not_mail","role_based","info","rij-wijers.nl","","","","False","true","mail.rij-wijers.nl","","","","","",""
"Autorijschool Roy B.V.","040 254 68 15","info@rijschoolroy.nl","http://www.rijschoolroy.nl/","do_not_mail","role_based_catch_all","info","rijschoolroy.nl","","","","False","true","d319897.a.ess.de.barracudanetworks.com","barracuda","","","","",""
"Autorijschool S. Kosar","040 286 96 10","info@salihkosar.nl","http://www.salihkosar.nl/","do_not_mail","role_based","info","salihkosar.nl","","","","False","true","mx11.hostingdiscounter.nl","","","","","",""
"Autorijschool Strijp","040 252 80 87","info@autorijschoolstrijp.nl","http://www.autorijschoolstrijp.nl/","do_not_mail","global_suppression","info","autorijschoolstrijp.nl","","","","False","false","","","","","","",""
"Autorijschool Van Kampen","040 246 28 24","info@rijopleiding.nl","http://www.rijopleiding.nl/","do_not_mail","role_based_catch_all","info","rijopleiding.nl","","","","False","true","rijopleiding-nl.mail.protection.outlook.com","microsoft","","","","",""
"Autorijschool Vrancken","06 54 26 13 11","info@autorijschool-vrancken.nl","http://www.autorijschool-vrancken.nl/","do_not_mail","role_based_catch_all","info","autorijschool-vrancken.nl","","","","False","true","autorijschoolvrancken-nl03c.mail.protection.outlook.com","microsoft","","","","",""
"Autorijschool Wies Knapen","0625007684","info@wiesknapen.nl","http://www.wiesknapen.nl/","do_not_mail","role_based_catch_all","info","wiesknapen.nl","","","","False","true","fallback.yourfilter.nl","","","","","",""
"Autorijschool Zaki","040 248 56 12","info@rijschoolzaki.nl","http://www.rijschoolzaki.nl/","do_not_mail","role_based","info","rijschoolzaki.nl","","","","False","true","mx1.mijndomein.nl","","","","","",""
"LEEUW opleidingen","None","info@leeuwopleidingen.nl","https://www.leeuwopleidingen.nl/","do_not_mail","role_based","info","leeuwopleidingen.nl","","","","False","true","leeuwopleidingen-nl.mail.protection.outlook.com","microsoft","","","","",""
"LEonS Autorijschool","0499 84 05 35","info@leonsautorijschool.nl","None","do_not_mail","role_based_catch_all","info","leonsautorijschool.nl","","","","False","true","mx1.mijndomein.nl","","","","","",""
"Markant Verkeersschool","06 29 06 40 50","info@markant-verkeer.nl","http://www.markant-verkeer.nl/","do_not_mail","role_based","info","markant-verkeer.nl","","","","False","true","mx-in-3.webreus.nl","","","","","",""
"PROCentrum B.V.","None","info@procentrum.nl","None","do_not_mail","role_based","info","procentrum.nl","","","","False","true","procentrum-nl.mail.protection.outlook.com","microsoft","","","","",""
"RDW.NU - Rijschool Roger de Weijer","040 780 38 00","info@rdw.nu","http://www.rdw.nu/","do_not_mail","role_based","info","rdw.nu","","","","False","true","mail.rdw.nu","","","","","",""
"Rijopleiding Lessoner.nl","040 251 11 60","info@lessoner.nl","http://www.lessoner.nl/","do_not_mail","role_based","info","lessoner.nl","","","","False","true","mail.lessoner.nl","","","","","",""
"Rijschool Ram Drive","040 241 69 52","info@rijschool-ramdrive.nl","http://www.rijschool-ramdrive.nl/","do_not_mail","role_based_catch_all","info","rijschool-ramdrive.nl","","","","False","true","rijschoolramdrive-nl02c.mail.protection.outlook.com","microsoft","","","","",""
"Rijschool Anil Aksakal","402129423","info@rijschoolanil.nl","http://www.rijschoolanil.nl/","do_not_mail","role_based","info","rijschoolanil.nl","","","","False","true","mx1.mijndomein.nl","","","","","",""
"Rijschool de Veste","0850604921","info@rijschooldeveste.nl","None","do_not_mail","role_based","info","rijschooldeveste.nl","","","","False","true","smtp.rzone.de","","","","","",""
"Rijschool Dennis de Bruijn","040 311 1944","info@rijschooldennisdebruijn.nl","https://rijschooldennisdebruijn.nl/","do_not_mail","role_based_catch_all","info","rijschooldennisdebruijn.nl","","","","False","true","rijschooldennisdebruijn-nl.mail.protection.outlook.com","microsoft","","","","",""
"Rijschool Feka","None","info@rijschoolfeka.nl","http://www.rijschoolfeka.nl/","do_not_mail","role_based","info","rijschoolfeka.nl","","","","False","true","linux2021.webawere.nl","","","","","",""
"Rijschool Kennis B.V.","040 3098 103","info@rijschoolkennis.nl","https://www.rijschoolkennis.nl/","do_not_mail","role_based","info","rijschoolkennis.nl","","","","False","true","mx2.pub.mailpod10-cph3.one.com","","","","","",""
"Rijschool Kwaliteit Eindhoven B.V.","0610106171","info@rijschoolkwaliteiteindhoven.nl","https://rijschoolkwaliteiteindhoven.nl/","do_not_mail","role_based_catch_all","info","rijschoolkwaliteiteindhoven.nl","","","","False","true","rijschoolkwaliteiteindhoven.nl","","","","","",""
"Rijschool Manders","0403686553","info@rijschoolmanders.nl","http://www.rijschoolmanders.nl/","do_not_mail","role_based","info","rijschoolmanders.nl","","","","False","true","mail.rijschoolmanders.nl","","","","","",""
"Rijschool Om de Linde","06 27 01 21 77","info@rijschoolomdelinde.nl","None","do_not_mail","role_based","info","rijschoolomdelinde.nl","","","","False","true","primary.yourfilter.nl","","","","","",""
"Rijschool Peter Pompert","040 256 91 99","info@autorijschoolpompert.nl","http://www.autorijschoolpompert.nl/","do_not_mail","role_based","info","autorijschoolpompert.nl","","","","False","true","mail.autorijschoolpompert.nl","","","","","",""
"Rijschool Reniers","0497 64 16 44","info@rijschoolreniers.nl","http://www.rijschoolreniers.nl/","do_not_mail","role_based","info","rijschoolreniers.nl","","","","False","true","rijschoolreniers-nl.mail.protection.outlook.com","microsoft","","","","",""
"Rijschool Verheijen","0492 70 02 36","info@rijschoolverheijen.nl","https://rijschoolverheijen.nl/","do_not_mail","role_based_catch_all","info","rijschoolverheijen.nl","","","","False","true","smtp.rzone.de","","","","","",""
"Rijschool Wildenberg B.V.","040 211 99 42","info@rijschoolwildenberg.nl","http://www.rijschoolwildenberg.nl/","do_not_mail","role_based_catch_all","info","rijschoolwildenberg.nl","","","","False","true","rijschoolwildenberg-nl.mail.protection.outlook.com","microsoft","","","","",""
"Rijschool Will","040 253 65 62","info@rijschoolwill.nl","None","do_not_mail","role_based_catch_all","info","rijschoolwill.nl","","","","False","true","smtp.rzone.de","","","","","",""
"Smits Opleidingen","None","info@smitsopleidingen.nl","http://www.smitsopleidingen.nl/","do_not_mail","role_based","info","smitsopleidingen.nl","","","","False","true","smitsopleidingen-nl.mail.protection.outlook.com","microsoft","","","","",""
"V-Tas B.V.","None","info@v-tas.com","None","do_not_mail","role_based_catch_all","info","v-tas.com","","","","False","true","vtas-com0c.mail.protection.outlook.com","microsoft","","","","",""
"V.o.f. Autorijschool Ine van Gilst","None","info@rijschool-vangilst.nl","http://www.rijschool-vangilst.nl/","do_not_mail","role_based","info","rijschool-vangilst.nl","","","","False","true","rijschool-vangilst.nl","","","","","",""
"Verkeerschool Van de Moosdijk V.O.F.","None","info@verkeersschoolvdmoosdijk.nl","http://www.verkeersschoolvdmoosdijk.nl/","do_not_mail","role_based","info","verkeersschoolvdmoosdijk.nl","","","","False","true","mail.brima.nl","","","","","",""
"Verkeersschool Ben Verhagen","0497 53 03 20","info@benverhagen.nl","http://www.benverhagen.nl/","do_not_mail","role_based_catch_all","info","benverhagen.nl","","","","False","true","benverhagen-nl.mail.protection.outlook.com","microsoft","","","","",""
"Verkeersschool Hurkmans","06 10 22 61 07","info@verkeersschoolhurkmans.nl","http://www.verkeersschoolhurkmans.nl/","do_not_mail","role_based_catch_all","info","verkeersschoolhurkmans.nl","","","","False","true","verkeersschoolhurkmans-nl.mail.protection.outlook.com","microsoft","","","","",""
"Verkeersschool Intest","085 743 01 11","info@intest.nl","http://www.intest.nl/","do_not_mail","role_based","info","intest.nl","","","","False","true","mail.intest.nl","","","","","",""
"Verkeersschool Meurs","040 253 29 97","info@verkeersschoolmeurs.nl","http://www.verkeersschoolmeurs.nl/","do_not_mail","role_based_catch_all","info","verkeersschoolmeurs.nl","","","","False","true","verkeersschoolmeurs-nl.mail.protection.outlook.com","microsoft","","","","",""
"Autorijschool Altena","0523858882","info@autorijschoolaltena.nl","http://www.autorijschoolaltena.nl/","do_not_mail","role_based_catch_all","info","autorijschoolaltena.nl","","","","False","true","mx.sohosted.com","","","","","",""
"Autorijschool Andries","0525662727","info@autorijschoolandries.nl","http://www.autorijschoolandries.nl/","do_not_mail","role_based_catch_all","info","autorijschoolandries.nl","","","","False","true","mx1.mijndomein.nl","","","","","",""
"Autorijschool E.D.A.S.","0528 34 23 94","info@autorijschool-edas.nl","http://www.autorijschool-edas.nl/","do_not_mail","role_based_catch_all","info","autorijschool-edas.nl","","","","False","true","mail.autorijschool-edas.nl","","","","","",""
"Autorijschool Reinink","0524 51 31 51","info@autorijschoolreinink.nl","None","do_not_mail","role_based","info","autorijschoolreinink.nl","","","","False","true","autorijschoolreinink.nl","","","","","",""
"Autorijschool Schulte","0524 54 23 92","info@rijschoolschulte.nl","None","do_not_mail","role_based","info","rijschoolschulte.nl","","","","False","true","mx1.pub.mailpod10-cph3.one.com","","","","","",""
"Enjoy2Drive","06 13 73 37 47","info@enjoy2drive.nl","http://www.enjoy2drive.nl/","do_not_mail","role_based","info","enjoy2drive.nl","","","","False","true","mx2.mijnhostingpartner.nl","","","","","",""
"Go 4 Wheels","0591644724","info@go4wheels.nl","None","do_not_mail","role_based","info","go4wheels.nl","","","","False","true","mx-in-2.webreus.nl","","","","","",""
"Nijland Verkeersscholen B.V.","0591 31 28 40","info@verkeersschoolnijland.nl","http://www.verkeersschoolnijland.nl/","do_not_mail","role_based","info","verkeersschoolnijland.nl","","","","False","true","aspmx.l.google.com","g-suite","","","","",""
"Opleidingscentrum DIBO","None","info@verkeersschooldibo.nl","http://www.verkeersschooldibo.nl/","do_not_mail","role_based","info","verkeersschooldibo.nl","","","","False","true","verkeersschooldibo-nl.mail.protection.outlook.com","microsoft","","","","",""
"Qontraq B.V.","085 016 24 00","info@qontraq.nl","https://qontraq.nl/","do_not_mail","role_based","info","qontraq.nl","","","","False","true","qontraq-nl.mail.protection.outlook.com","microsoft","","","","",""
"Rijblijwijs","0591 61 75 59","info@rijblijwijs.nl","None","do_not_mail","role_based","info","rijblijwijs.nl","","","","False","true","mail.rijblijwijs.nl","","","","","",""
"Rijschool Happy Wheels","0651615138","info@rijschoolhappywheels.nl","https://www.rijschoolhappywheels.nl/","do_not_mail","role_based_catch_all","info","rijschoolhappywheels.nl","","","","False","true","rijschoolhappywheels-nl.mail.protection.outlook.com","microsoft","","","","",""
"Rijschool J. de Wolde","0524 53 38 52","info@rijschooldewolde.nl","http://www.rijschooldewolde.nl/","do_not_mail","role_based","info","rijschooldewolde.nl","","","","False","true","mail.rijschooldewolde.nl","","","","","",""
"Rijschool Level","0592 86 84 68","info@rijschoollevel.nl","http://www.rijschoollevel.nl/","do_not_mail","role_based_catch_all","info","rijschoollevel.nl","","","","False","true","rijschoollevel.nl","","","","","",""
"Rijschool Marco","0591 55 63 03","info@rijschoolmarco.nl","http://www.rijschoolmarco.nl/","do_not_mail","role_based","info","rijschoolmarco.nl","","","","False","true","smtp.rzone.de","","","","","",""
"Rijschool Niemeijer","0592 26 53 66","info@rijschoolniemeijer.nl","None","do_not_mail","role_based","info","rijschoolniemeijer.nl","","","","False","true","mx1.mijndomein.nl","","","","","",""
"Rijschool Rij-Aktief","0599581158","info@rij-aktief.nl","http://www.rij-aktief.nl/","do_not_mail","role_based","info","rij-aktief.nl","","","","False","true","mail.rij-aktief.nl","","","","","",""
"Rijschool Wim Trip","0591 31 53 15","info@rijschoolwimtrip.nl","http://www.rijschoolwimtrip.nl/","do_not_mail","role_based","info","rijschoolwimtrip.nl","","","","False","true","da02.rapidehosting.nl","","","","","",""
"Verkeersschool Succes","06 41 32 43 64","info@succes-opleidingen.nl","http://www.verkeersschoolsucces.nl/","do_not_mail","role_based","info","succes-opleidingen.nl","","","","False","true","mail.succes-opleidingen.nl","","","","","",""
"Verkeersschool Lucarelli","074 852 76 49","info@verkeersschool-lucarelli.nl","http://www.verkeersschool-lucarelli.nl/","do_not_mail","role_based","info","verkeersschool-lucarelli.nl","","","","False","true","mail.verkeersschool-lucarelli.nl","","","","","",""
"Autorijschool Theo en Rianneke","0113 50 43 52","info@autorijschool-theo-rianneke.nl","http://www.autorijschool-theo-rianneke.nl/","do_not_mail","role_based","info","autorijschool-theo-rianneke.nl","","","","False","true","mail.jouwweb.nl","","","","","",""
"Autorijvaardigheid","0113 21 42 80","info@autorijvaardigheid.com","http://www.autorijvaardigheid.com/","do_not_mail","role_based","info","autorijvaardigheid.com","","","","False","true","alpha.blackdesk.nl","","","","","",""
"Dek Opleidingen B.V.","0113 22 31 40","info@dek.nl","http://www.dek.nl/","do_not_mail","role_based","info","dek.nl","","","","False","true","dek-nl.mail.protection.outlook.com","microsoft","","","","",""
"Hoogesteger Verkeersopleidingen B.V.","0113 268 023","info@hoogestegerrijschool.nl","http://www.hoogestegerrijschool.nl/","do_not_mail","role_based","info","hoogestegerrijschool.nl","","","","False","true","hoogestegerrijschool-nl.mail.protection.outlook.com","microsoft","","","","",""
"Innovated Support B.V.","06 28 24 98 95","info@davilore.nl","None","do_not_mail","role_based_catch_all","info","davilore.nl","","","","False","true","davilore-nl.mail.protection.outlook.com","microsoft","","","","",""
"Olaf van Kalken","0181 61 69 60","info@autorijschoololaf.nl","http://www.autorijschoololaf.nl/","do_not_mail","role_based","info","autorijschoololaf.nl","","","","False","true","maildrop1.argewebhosting.nl","","","","","",""
"Rijschool Goes","06 46 39 09 00","info@rijschoolgoes.nl","http://www.rijschoolgoes.nl/","do_not_mail","role_based","info","rijschoolgoes.nl","","","","False","true","rijschoolgoes-nl.mail.protection.outlook.com","microsoft","","","","",""
"Rijschool Haan","None","info@rijschoolhaan.nl","http://www.rijschoolhaan.nl/","do_not_mail","role_based","info","rijschoolhaan.nl","","","","False","true","mx14.hostingdiscounter.nl","","","","","",""
"Rijschool Klaassen","0344 60 55 27","info@rijschoolklaassen.nl","http://www.rijschoolklaassen.nl/","do_not_mail","role_based","info","rijschoolklaassen.nl","","","","False","true","aspmx.l.google.com","g-suite","","","","",""
"Rijschool Rean Meulendijks","070 392 07 51","info@rijschoolreanmeulendijks.nl","None","do_not_mail","role_based","info","rijschoolreanmeulendijks.nl","","","","False","true","aspmx.l.google.com","g-suite","","","","",""
"Rijschool Spectrum","06 36 36 63 34","info@rijschoolspectrum.nl","https://rijschoolspectrum.nl/","do_not_mail","role_based","info","rijschoolspectrum.nl","","","","False","true","mail.rijschoolspectrum.nl","","","","","",""
"Rijschool van Brakel","None","info@rijschoolvanbrakel.nl","https://www.rijschoolvanbrakel.nl/","do_not_mail","role_based","info","rijschoolvanbrakel.nl","","","","False","true","rijschoolvanbrakel-nl.mail.protection.outlook.com","microsoft","","","","",""
"Rijschool Voorne","0181 84 60 60","info@rijschoolvoorne.nl","https://www.rijschoolvoorne.nl/","do_not_mail","role_based_catch_all","info","rijschoolvoorne.nl","","","","False","true","mx1.mijndomein.nl","","","","","",""
"Stam Autorijschool","0174 51 82 06","info@stamautorijschool.nl","http://www.stamautorijschool.nl/","do_not_mail","role_based","info","stamautorijschool.nl","","","","False","true","aspmx.l.google.com","g-suite","","","","",""
"Verkeersschool De Bogerd","0111 41 06 80","info@verkeersschooldebogerd.nl","http://www.verkeersschooldebogerd.nl/","do_not_mail","role_based","info","verkeersschooldebogerd.nl","","","","False","true","mail.jouwweb.nl","","","","","",""
"Verkeersschool Mattemburgh B.V.","None","info@mattemburgh.com","http://www.mattemburgh.com/","do_not_mail","role_based","info","mattemburgh.com","","","","False","true","mattemburgh-com.mail.protection.outlook.com","microsoft","","","","",""
"Verkeersschool Van Der Meet","01667 45079","info@verkeersschoolvandermeet.nl","None","do_not_mail","role_based","info","verkeersschoolvandermeet.nl","","","","False","true","mail.verkeersschoolvandermeet.nl","","","","","",""
"Autorijschool op weg","0348502054","info@autorijschool-opweg.nl","http://www.autorijschool-opweg.nl/","do_not_mail","role_based_catch_all","info","autorijschool-opweg.nl","","","","False","true","spamrelay.zxcs.nl","","","","","",""
"Autorijschool René Kwast","0180 31 86 57","info@renekwast.nl","http://www.renekwast.nl/","do_not_mail","role_based","info","renekwast.nl","","","","False","true","mail.renekwast.nl","","","","","",""
"Autorijschool Rij Lekker","010 455 34 04","info@rijlekker.nl","None","do_not_mail","role_based","info","rijlekker.nl","","","","False","true","smtp.rzone.de","","","","","",""
"Autorijschool Stolwijk","0182 34 17 50","mail@autorijschoolstolwijk.nl","None","do_not_mail","role_based","mail","autorijschoolstolwijk.nl","","","","False","true","mx1.mijndomein.nl","","","","","",""
"AutorijschoolVanWijngaarden","None","info@autorijschoolvanwijngaarden.nl","http://www.autorijschoolvanwijngaarden.nl/","do_not_mail","role_based","info","autorijschoolvanwijngaarden.nl","","","","False","true","mail.jouwweb.nl","","","","","",""
"Gronloh-Bruinsma","None","info@gronloh.nl","http://www.gronloh.nl/","do_not_mail","role_based","info","gronloh.nl","","","","False","true","gronloh-nl.mail.protection.outlook.com","microsoft","","","","",""
"Moto-City","None","info@moto-city.nl","None","do_not_mail","role_based_catch_all","info","moto-city.nl","","","","False","true","mx1.mijndomein.nl","","","","","",""
"New Drivers","0182785786","info@newdrivers.nl","https://newdrivers.nl/","do_not_mail","role_based","info","newdrivers.nl","","","","False","true","mx10.antispam.mailspamprotection.com","siteground","","","","",""
"Oke Rijopleidingen","0348 56 59 05","info@oke-rijopleidingen.nl","http://www.oke-rijopleidingen.nl/","do_not_mail","role_based","info","oke-rijopleidingen.nl","","","","False","true","mx.spamservice.nl","","","","","",""
"Reflex Rijopleidingen B.V.","0172 41 49 39","info@rijschoolronny.nl","http://www.rijschoolronny.nl/","do_not_mail","role_based","info","rijschoolronny.nl","","","","False","true","rijschoolronny-nl.mail.protection.outlook.com","microsoft","","","","",""
"Rijschool 2gether","06 20 76 09 49","info@rijschool2gether.nl","http://rijschool2gether.nl/","do_not_mail","role_based","info","rijschool2gether.nl","","","","False","true","mxs10.esmero.nl","","","","","",""
"Rijschool Boomsluiter V.O.F.","0182 52 74 50","info@rijschoolboomsluiter.nl","http://www.rijschoolboomsluiter.nl/","do_not_mail","role_based","info","rijschoolboomsluiter.nl","","","","False","true","mx.rijschoolboomsluiter.nl.cust.a.hostedemail.com","accelerator","","","","",""
"Rijschool Compleet","06 28 40 84 10","info@rijschoolcompleet.nl","http://www.rijschoolcompleet.nl/","do_not_mail","role_based","info","rijschoolcompleet.nl","","","","False","true","mx10.antispam.mailspamprotection.com","siteground","","","","",""
"Rijschool Dunnewold","0182342595","info@autorijschooldunnewold.nl","None","do_not_mail","role_based_catch_all","info","autorijschooldunnewold.nl","","","","False","true","srv2.flexfilter.nl","","","","","",""
"Rijschool Gedreven","None","info@rijgedreven.nl","http://www.rijgedreven.nl/","do_not_mail","role_based","info","rijgedreven.nl","","","","False","true","rijgedreven.nl","","","","","",""
"Rijschool J. van Asselt Boskoop","0172 21 35 53","info@rijschoolvanasselt.nl","http://www.rijschoolvanasselt.nl/","do_not_mail","role_based_catch_all","info","rijschoolvanasselt.nl","","","","False","true","rijschoolvanasselt-nl.mail.protection.outlook.com","microsoft","","","","",""
"Rijschool Pien","06 46 62 03 26","info@rijschoolpien.nl","None","do_not_mail","role_based","info","rijschoolpien.nl","","","","False","true","mail.rijschoolpien.nl","","","","","",""
"Rijschool Rodenrijs","0105121563","info@rijschoolrodenrijs.nl","None","do_not_mail","role_based","info","rijschoolrodenrijs.nl","","","","False","true","mx3.mailpod13-cph3.g1i.hostnet.nl","","","","","",""
"Rijschool Succes-Mimpen B.V.","0182 61 33 40","info@succes-mimpen.nl","http://www.succes-mimpen.nl/","do_not_mail","role_based_catch_all","info","succes-mimpen.nl","","","","False","true","succesmimpen-nl01e.mail.protection.outlook.com","microsoft","","","","",""
"Rijschool Successo","None","info@rijschoolsuccesso.nl","None","do_not_mail","role_based","info","rijschoolsuccesso.nl","","","","False","true","mx1.mijndomein.nl","","","","","",""
"Toppie","None","Info@rijschooltoppie.nl","https://rijschooltoppie.nl/","do_not_mail","role_based_catch_all","info","rijschooltoppie.nl","","","","False","true","spamrelay.zxcs.nl","","","","","",""
"Verkeersschool Daneel","0172 70 70 86","info@verkeersschool-daneel.nl","http://www.verkeersschool-daneel.nl/","do_not_mail","role_based_catch_all","info","verkeersschool-daneel.nl","","","","False","true","aspmx.l.google.com","g-suite","","","","",""
"1-2 Drive B.V.","0503 600 060","instructeur@1-2ride.nl","None","do_not_mail","role_based","instructeur","1-2ride.nl","","","","False","true","mailgw1.linqhost.net","","","","","",""
"Auto- en Motorrijschool Opweg Winsum","0595 43 54 85","info@autorijschoolopweg.nl","http://www.autorijschoolopweg.nl/","do_not_mail","role_based","info","autorijschoolopweg.nl","","","","False","true","mail.autorijschoolopweg.nl","","","","","",""
"Auto- en Motorrijschool van der Heide","050 542 68 41","info@rijschoolvanderheide.nl","http://www.rijschoolvanderheide.nl/","do_not_mail","role_based_catch_all","info","rijschoolvanderheide.nl","","","","False","true","rijschoolvanderheide.nl","","","","","",""
"Auto-Motorrijschool Smids","0512 33 21 63","info@rijschoolsmids.nl","None","do_not_mail","role_based","info","rijschoolsmids.nl","","","","False","true","rijschoolsmids.nl","","","","","",""
"Autorijschool Hazekamp","050 579 75 25","info@rijschoolhazekamp.nl","None","do_not_mail","role_based","info","rijschoolhazekamp.nl","","","","False","true","mail.rijschoolhazekamp.nl","","","","","",""
"Autorijschool Loor","050 541 51 51","info@autorijschoolloor.nl","http://www.autorijschoolloor.nl/","do_not_mail","role_based","info","autorijschoolloor.nl","","","","False","true","mx4.mailpod13-cph3.g1i.hostnet.nl","","","","","",""
"Autorijschool van Dijk V.O.F.","0595 44 25 06","info@vandijkwinsum.nl","http://www.vandijkwinsum.nl/","do_not_mail","role_based","info","vandijkwinsum.nl","","","","False","true","mail.vandijkwinsum.nl","","","","","",""
"BE-halen","050 204 39 75","info@be-halen.nl","None","do_not_mail","role_based","info","be-halen.nl","","","","False","true","aspmx.l.google.com","g-suite","","","","",""
"CORENRON.NL","050 2300 336","info@corenron.nl","https://rijschoolcorenron.nl/","do_not_mail","role_based","info","corenron.nl","","","","False","true","mail.corenron.nl","","","","","",""
"Hans Slager Rijschool","050 302 29 96","info@hansslagerrijschool.nl","None","do_not_mail","role_based","info","hansslagerrijschool.nl","","","","False","true","mail.hansslagerrijschool.nl","","","","","",""
"Juk Rijopleidingen","06 57 68 39 20","info@jukrijopleidingen.nl","http://www.jukrijopleidingen.nl/","do_not_mail","role_based_catch_all","info","jukrijopleidingen.nl","","","","False","true","mailfilter.widemis.nl","","","","","",""
"Kreeft Opleidingen","None","info@kreeftopleidingen.nl","http://www.kreeftopleidingen.nl/","do_not_mail","role_based_catch_all","info","kreeftopleidingen.nl","","","","False","true","cluster03a.mx-relay.com","","","","","",""
"Oosterpoort Opleidingen B.V.","058 288 00 04","info@oosterpoort.nl","http://www.oosterpoort.nl/","do_not_mail","role_based","info","oosterpoort.nl","","","","False","true","oosterpoort-nl.mail.protection.outlook.com","microsoft","","","","",""
"Rijschool B Voor jou","0626716916","info@rijschoolbvoorjou.nl","None","do_not_mail","role_based","info","rijschoolbvoorjou.nl","","","","False","true","mx.transip.email","","","","","",""
"Rijschool Buivenga","None","info@autorijschoolbuivenga.nl","None","do_not_mail","role_based_catch_all","info","autorijschoolbuivenga.nl","","","","False","true","mx1.mijndomein.nl","","","","","",""
"Rijschool F. Kamminga","050 302 42 19","info@rijschool-kamminga.nl","http://www.rijschool-kamminga.nl/","do_not_mail","role_based","info","rijschool-kamminga.nl","","","","False","true","mail.web206.your-webhost.nl","","","","","",""
"Rijschool Koster","0595 44 41 14","info@rijschoolkoster.nl","http://www.rijschoolkoster.nl/","do_not_mail","role_based","info","rijschoolkoster.nl","","","","False","true","mx1.mijndomein.nl","","","","","",""
"Rijschool Res Nova","059 450 76 52","info@rijschoolresnova.nl","https://rijschoolresnova.nl/","do_not_mail","role_based_catch_all","info","rijschoolresnova.nl","","","","False","true","rijschoolresnova-nl.mail.protection.outlook.com","microsoft","","","","",""
"Rijschool Rob Winkel","06 13 94 75 21","Info@robwinkel.nl","https://robwinkel.nl/","do_not_mail","role_based","info","robwinkel.nl","","","","False","true","mail.robwinkel.nl","","","","","",""
"Rijschool Sander Hoekstra","050 542 37 09","info@rijschoolsanderhoekstra.nl","None","do_not_mail","role_based","info","rijschoolsanderhoekstra.nl","","","","False","true","rijschoolsanderhoekstra-nl.mail.protection.outlook.com","microsoft","","","","",""
"ROLF & KLEEFSTRA","050 534 02 27","info@leerlinggezocht.nl","http://rolfenkleefstra.nl/","do_not_mail","role_based","info","leerlinggezocht.nl","","","","False","true","mail.leerlinggezocht.nl","","","","","",""
"Verkeerschool City B.V.","None","administratie@rijschoolcity.nl","https://rijschoolcity.nl/","do_not_mail","role_based","administratie","rijschoolcity.nl","","","","False","true","aspmx.l.google.com","g-suite","","","","",""
"Verkeersschool Oosterveld","050 314 14 14","info@verkeersschool-oosterveld.nl","http://www.verkeersschool-oosterveld.nl/","do_not_mail","role_based_catch_all","info","verkeersschool-oosterveld.nl","","","","False","true","mailfilter.widemis.nl","","","","","",""
"Alpha Autorijschool","06 20 82 58 26","contact@alpharijschool.nl","http://www.alpharijschool.nl/","do_not_mail","role_based","contact","alpharijschool.nl","","","","False","true","alpharijschool.nl","","","","","",""
"Auto- en motorrijschool Afrit-44","0475 46 87 09","info@afrit-44.nl","http://www.afrit-44.nl/","do_not_mail","role_based_catch_all","info","afrit-44.nl","","","","False","true","afrit44-nl01c.mail.protection.outlook.com","microsoft","","","","",""
"Autorijschool A73","None","info@autorijschoola73.nl","None","do_not_mail","role_based","info","autorijschoola73.nl","","","","False","true","mx.transip.email","","","","","",""
"Autorijschool Correct","0475 60 00 17","info@autorijschoolcorrect.nl","http://www.autorijschoolcorrect.nl/","do_not_mail","role_based","info","autorijschoolcorrect.nl","","","","False","true","mail.autorijschoolcorrect.nl","","","","","",""
"Autorijschool Fair","None","info@rijschoolfair.nl","http://www.rijschoolfair.nl/","do_not_mail","role_based","info","rijschoolfair.nl","","","","False","true","mx.transip.email","","","","","",""
"Autorijschool Geert","0773983854","info@geertnottelman.nl","None","do_not_mail","role_based_catch_all","info","geertnottelman.nl","","","","False","true","geertnottelman-nl.mail.protection.outlook.com","microsoft","","","","",""
"Autorijschool Goossens","045 531 24 88","info@rijschoolgoossens.nl","http://www.rijschoolgoossens.nl/","do_not_mail","role_based","info","rijschoolgoossens.nl","","","","False","true","mx1.mijndomein.nl","","","","","",""
"Autorijschool Roerstad","0475 33 12 35","info@roerstad.eu","http://www.roerstad.eu/","do_not_mail","mx_forward","info","roerstad.eu","","","","False","true","route3.mx.cloudflare.net","cloudflare","","","","",""
"Autorijschool Talent Roermond","0475 32 45 71","info@rijschooltalent.nl","http://www.rijschooltalent.nl/","do_not_mail","role_based","info","rijschooltalent.nl","","","","False","true","mail.rijschooltalent.nl","","","","","",""
"Autorijschool Van Ool","0475 48 17 80","info@van-ool.nl","None","do_not_mail","role_based_catch_all","info","van-ool.nl","","","","False","true","vanool-nl0i.mail.protection.outlook.com","microsoft","","","","",""
"Guit Coaching & opleidingen","046 204 61 40","info@goedkoopeenrijbewijs.nl","None","do_not_mail","role_based","info","goedkoopeenrijbewijs.nl","","","","False","true","mx2.pub.mailpod4-cph3.one.com","","","","","",""
"Interles","0475 34 00 13","info@autorijschoolinterles.nl","http://www.autorijschoolinterles.nl/","do_not_mail","role_based","info","autorijschoolinterles.nl","","","","False","true","mail.autorijschoolinterles.nl","","","","","",""
"Jos Poels","077 474 84 27","info@jospoels.nl","http://www.jospoels.nl/","do_not_mail","role_based","info","jospoels.nl","","","","False","true","mail.jospoels.nl","","","","","",""
"Knops Verkeersopleidingen V.O.F.","0475 59 25 53","info@knops-vo.nl","http://www.knops-vo.nl/","do_not_mail","global_suppression","info","knops-vo.nl","","","","False","true","mx186.m2bp.com","","","","","",""
"Rijschool in the Pocket","047 525 62 56","info@rijschoolinthepocket.nl","None","do_not_mail","role_based","info","rijschoolinthepocket.nl","","","","False","true","mx1.samofficedns.com","","","","","",""
"Verkeersschool Keijbeck B.V.","046 449 48 44","info@keijbeck.nl","http://www.keijbeck.nl/","do_not_mail","role_based","info","keijbeck.nl","","","","False","true","keijbeck-nl.mail.eo.outlook.com","microsoft","","","","",""
"Verkeersschool Lei Wolters","None","info@leiwolters.nl","http://www.leiwolters.nl/","do_not_mail","role_based_catch_all","info","leiwolters.nl","","","","False","true","leiwolters-nl.mail.protection.outlook.com","microsoft","","","","",""
"Verkeersschool Linne VOF","0475 47 65 25","info@verkeersschoollinne.nl","None","do_not_mail","role_based","info","verkeersschoollinne.nl","","","","False","true","mail.verkeersschoollinne.nl","","","","","",""
"Autorijschool Maaswijk","0181 64 16 74","info@autorijschoolmaaswijk.nl","http://www.autorijschoolmaaswijk.nl/","do_not_mail","role_based","info","autorijschoolmaaswijk.nl","","","","False","true","aspmx.l.google.com","g-suite","","","","",""
"Autorijschool Mosch","010 471 30 42","info@rijschoolmosch.nl","http://www.rijschoolmosch.nl/","do_not_mail","role_based","info","rijschoolmosch.nl","","","","False","true","mail.rijschoolmosch.nl","","","","","",""
"Autorijschool P. Kampschuur","010 234 00 08","info@kampschuur.nl","https://kampschuur.nl/","do_not_mail","role_based","info","kampschuur.nl","","","","False","true","mx3.mailpod13-cph3.g1i.hostnet.nl","","","","","",""
"Autorijschool Paul Bergers","010 473 70 85","info@rijschoolpaulbergers.nl","None","do_not_mail","role_based","info","rijschoolpaulbergers.nl","","","","False","true","smtp.rzone.de","","","","","",""
"B.V. Verkeersschool Tempo Z.H.","070 345 76 26","info@rijtempo.nl","http://www.rijtempo.nl/","do_not_mail","role_based","info","rijtempo.nl","","","","False","true","vmx02.datadigest.nl","","","","","",""
"Clarien","None","info@clarien.nl","http://www.clarien.nl/","do_not_mail","role_based","info","clarien.nl","","","","False","true","mail.clarien.nl","","","","","",""
"Delta Autorijschool","010 2306 167","info@autorijschooldelta.nl","http://www.autorijschooldelta.nl/","do_not_mail","role_based","info","autorijschooldelta.nl","","","","False","true","autorijschooldelta.nl","","","","","",""
"Oudshoorn Autorijschool V.O.F.","0181 62 22 05","info@autorijschool-oudshoorn.nl","http://www.autorijschool-oudshoorn.nl/","do_not_mail","role_based_catch_all","info","autorijschool-oudshoorn.nl","","","","False","true","mx.transip.email","","","","","",""
"Rijbewijs Academy","06 20 03 20 07","Info@rijbewijsacademy.nl","None","do_not_mail","role_based","info","rijbewijsacademy.nl","","","","False","true","smtp.rzone.de","","","365+","1","",""
"Rijschool Automoto","06 48 26 24 08","info@rijschoolautomoto.nl","http://www.rijschoolautomoto.nl/","do_not_mail","role_based","info","rijschoolautomoto.nl","","","","False","true","mail.rijschoolautomoto.nl","","","","","",""
"Verkeersschool HERS De Erkende Rijschool","010 265 12 39","info@rijschoolhers.nl","http://www.rijschoolhers.nl/","do_not_mail","role_based","info","rijschoolhers.nl","","","","False","true","aspmx.l.google.com","g-suite","","","","",""
"Verkeersschool De Hoog","010 434 33 99","info@de-hoog.nl","http://www.de-hoog.nl/","do_not_mail","role_based","info","de-hoog.nl","","","","False","true","dehoog-nl0e.mail.protection.outlook.com","microsoft","","","","",""
"Verkeersschool Express","0102162725","info@express-rijopleiding.nl","http://www.express-rijopleiding.nl/","do_not_mail","role_based_catch_all","info","express-rijopleiding.nl","","","","False","true","spamrelay.zxcs.nl","","","","","",""
"Verkeersschool Holland","010 481 03 08","info@rijschoolholland.nl","None","do_not_mail","role_based","info","rijschoolholland.nl","","","","False","true","smtp.rzone.de","","","","","",""
"Verkeersschool Oostdijk","0181 32 23 27","info@verkeersschooloostdijk.nl","None","do_not_mail","role_based_catch_all","info","verkeersschooloostdijk.nl","","","","False","true","verkeersschooloostdijk-nl.mail.protection.outlook.com","microsoft","","","","",""
"Verkeersschool Robijn","0181 31 45 59","info@verkeersschoolrobijn.nl","None","do_not_mail","role_based","info","verkeersschoolrobijn.nl","","","","False","true","mx.transip.email","","","","","",""
"Verkeersschool Topscore","0104771502","info@rijschooltopscore.nl","None","do_not_mail","role_based","info","rijschooltopscore.nl","","","","False","true","mail.rijschooltopscore.nl","","","","","",""
"Autorijschool Ingmar","None","info@autorijschoolingmar.nl","http://www.autorijschoolingmar.nl/","do_not_mail","role_based_catch_all","info","autorijschoolingmar.nl","","","","False","true","mx1.cloudorb.com","","","","","",""
"LESOPSTROOM.NL","06 21 54 54 43","info@lesopstroom.nl","None","do_not_mail","role_based","info","lesopstroom.nl","","","","False","true","smtp.rzone.de","","","","","",""
"Lespunt Opleidingen B.V.","0186 840 554","info@lespunt.nl","https://lespunt.nl/","do_not_mail","role_based","info","lespunt.nl","","","","False","true","mx1.mijndomein.nl","","","","","",""
"Autorijschool Chris Roelse","0115 611413","info@chrisroelse.nl","http://www.chrisroelse.nl/","do_not_mail","role_based","info","chrisroelse.nl","","","","False","true","mail1.tidi.nl","","","","","",""
"Autorijschool Othene","06 29 54 76 16","info@joop-rijopleiding.nl","https://joop-rijopleidingen.nl/","do_not_mail","role_based","info","joop-rijopleiding.nl","","","","False","true","mail.joop-rijopleiding.nl","","","","","",""
"Autorijschool Paul Meeuse","0114 32 02 61","info@rijschoolmeeuse.nl","http://www.rijschoolmeeuse.nl/","do_not_mail","role_based","info","rijschoolmeeuse.nl","","","","False","true","mail.rijschoolmeeuse.nl","","","","","",""
"Rijschool Hinneman","0117 30 22 00","info@hinneman.nl","http://www.hinneman.nl/","do_not_mail","role_based_catch_all","info","hinneman.nl","","","","False","true","mail.hinneman.nl","","","","","",""
"Autorijschool André Velders","0344 63 20 74","info@andrevelders.nl","None","do_not_mail","role_based","info","andrevelders.nl","","","","False","true","primary.yourfilter.nl","","","","","",""
"Autorijschool Arthur","None","info@autorijschoolarthur.nl","http://www.autorijschoolarthur.nl/","do_not_mail","role_based","info","autorijschoolarthur.nl","","","","False","true","autorijschoolarthur.nl","","","","","",""
"Autorijschool Bos","0345 68 41 62","info@melsbos.nl","http://www.melsbos.nl/","do_not_mail","role_based","info","melsbos.nl","","","","False","true","mx.spamexperts.com","spamexperts","","","","",""
"Autorijschool de Proefrit","0345 50 20 08","info@autorijschooldeproefrit.nl","http://www.autorijschooldeproefrit.nl/","do_not_mail","role_based_catch_all","info","autorijschooldeproefrit.nl","","","","False","true","autorijschooldeproefrit-nl.mail.protection.outlook.com","microsoft","","","","",""
"Autorijschool De Snelweg","0345 57 55 94","info@desnelweg.nl","http://www.desnelweg.nl/","do_not_mail","role_based","info","desnelweg.nl","","","","False","true","mx102.solcon.nl","","","","","",""
"Autorijschool Malik","0344 61 81 24","info@rijschool-malik.nl","None","do_not_mail","role_based_catch_all","info","rijschool-malik.nl","","","","False","true","spamrelay.zxcs.nl","","","","","",""
"Autorijschool RAVO","0318 51 61 83","info@rijschoolravo.nl","http://www.rijschoolravo.nl/","do_not_mail","role_based_catch_all","info","rijschoolravo.nl","","","","False","true","rijschoolravo-nl.mail.protection.outlook.com","microsoft","","","","",""
"Autorijschool Ron Vermeer","0317 61 62 76","info@autorijschoolronvermeer.nl","None","do_not_mail","role_based","info","autorijschoolronvermeer.nl","","","","False","true","autorijschoolronvermeer.nl","","","","","",""
"Autorijschool Speed","085 0433 070","info@rijschool-speed.nl","http://www.rijschool-speed.nl/","do_not_mail","role_based","info","rijschool-speed.nl","","","","False","true","mail.rijschool-speed.nl","","","","","",""
"Autorijschool Traffic","0345 47 67 55","info@rijschool-traffic.nl","http://www.rijschool-traffic.nl/","do_not_mail","role_based","info","rijschool-traffic.nl","","","","False","true","mail.rijschool-traffic.nl","","","","","",""
"Autorijschool Van Estrik","0344 60 18 55","info@rijschoolvanestrik.nl","http://www.rijschoolvanestrik.nl/","do_not_mail","role_based","info","rijschoolvanestrik.nl","","","","False","true","mail.rijschoolvanestrik.nl","","","","","",""
"Autorijschool Van Spanje","None","info@autorijschoolvanspanje.nl","http://www.autorijschoolvanspanje.nl/","do_not_mail","role_based","info","autorijschoolvanspanje.nl","","","","False","true","mail.autorijschoolvanspanje.nl","","","","","",""
"Autorijschool vd Garde","0488 44 19 67","info@autorijschoolvdgarde.nl","None","do_not_mail","role_based","info","autorijschoolvdgarde.nl","","","","False","true","autorijschoolvdgarde-nl.mail.protection.outlook.com","microsoft","","","","",""
"Autorijschool Wijs op Weg","0318 30 44 20","info@autorijschoolwijsopweg.nl","None","do_not_mail","role_based","info","autorijschoolwijsopweg.nl","","","","False","true","autorijschoolwijsopweg-nl.mail.protection.outlook.com","microsoft","","","","",""
"de Groot Verkeersopleidingen","06 53 90 29 26","info@degrootverkeersopleidingen.nl","http://www.degrootverkeersopleidingen.nl/","do_not_mail","role_based_catch_all","info","degrootverkeersopleidingen.nl","","","","False","true","degrootverkeersopleidingen.nl","","","","","",""
"Elar Verkeersopleidingen B.V.","None","info@elarlexmond.nl","http://www.elarlexmond.nl/","do_not_mail","role_based_catch_all","info","elarlexmond.nl","","","","False","true","spamfilter.muishuis.nl","","","","","",""
"Goedles.nl","0343 56 35 28","info@goedles.nl","http://goedles.nl/","do_not_mail","role_based_catch_all","info","goedles.nl","","","","False","true","primary.yourfilter.nl","","","","","",""
"Jaddi Autorijschool Tiel","0344 61 25 41","CONTACT@JADDI-RIJSCHOOL.NL","http://www.jaddi-rijschool.nl/","do_not_mail","role_based_catch_all","contact","jaddi-rijschool.nl","","","","False","true","smtp.rzone.de","","","","","",""
"Mario van Soelen Verkeersopleidingen V.O.F.","0344 60 07 77","info@mariovansoelen.nl","http://www.mariovansoelen.nl/","do_not_mail","role_based","info","mariovansoelen.nl","","","","False","true","mariovansoelen-nl.mail.protection.outlook.com","microsoft","","","","",""
"Motor- En Autorijschool Keuken","0488 48 26 33","info@rijschoolkeuken.nl","None","do_not_mail","role_based","info","rijschoolkeuken.nl","","","","False","true","rijschoolkeuken-nl.mail.protection.outlook.com","microsoft","","","","",""
"Pieter Kuijk","0878765818","info@pieterkuijk.nl","http://www.rijschoolpieterkuijk.nl/","do_not_mail","role_based","info","pieterkuijk.nl","","","","False","true","aspmx.l.google.com","g-suite","","","","",""
"Rijschool A2-A15","0345 57 10 68","info@a2-a15.nl","http://www.a2-a15.nl/","do_not_mail","role_based","info","a2-a15.nl","","","","False","true","mail.a2-a15.nl","","","","","",""
"Rijschool Beijnum","0344 60 33 59","info@rijschoolvanbeijnum.nl","None","do_not_mail","role_based","info","rijschoolvanbeijnum.nl","","","","False","true","mx01.foxxl.nl","","","","","",""
"Rijschool Gijs Van Wijk","0344 61 15 03","info@rijschoolgijsvanwijk.nl","http://www.rijschoolgijsvanwijk.nl/","do_not_mail","role_based","info","rijschoolgijsvanwijk.nl","","","","False","true","mail.rijschoolgijsvanwijk.nl","","","","","",""
"Rijschool Paul van Hees","None","info@rijschoolpaulvanhees.nl","None","do_not_mail","role_based","info","rijschoolpaulvanhees.nl","","","","False","true","smtp.rzone.de","","","","","",""
"Rijschool van Bemmel B.V.","030 636 8655","info@rijschoolvanbemmel.nl","http://www.rijschoolvanbemmel.nl/","do_not_mail","role_based_catch_all","info","rijschoolvanbemmel.nl","","","","False","true","cluster04b.mx-relay.com","","","","","",""
"S. Loualidi [Target]","0344 61 25 58","contact@autorijschooltarget.nl","http://www.autorijschooltarget.nl/","do_not_mail","role_based","contact","autorijschooltarget.nl","","","","False","true","smtp.rzone.de","","","","","",""
"V.O.F. Verkeersschool Van Der Wind","None","info@verkeersschoolvanderwind.nl","http://www.verkeersschoolvanderwind.nl/","do_not_mail","role_based","info","verkeersschoolvanderwind.nl","","","","False","true","mailserver.start-platform.com","","","","","",""
"Van Thiel Opleidingen B.V.","0487 59 17 52","info@vanthielopleidingen.nl","http://www.vanthielopleidingen.nl/","do_not_mail","role_based","info","vanthielopleidingen.nl","","","","False","true","vanthielopleidingen-nl.mail.protection.outlook.com","microsoft","","","","",""
"Veiligopweg.nl B.V.","None","info@veiligopweg.nl","None","do_not_mail","role_based","info","veiligopweg.nl","","","","False","true","mail.veiligopweg.nl","","","","","",""
"Verkeersschool Angelo","0475501307","info@verkeersschoolangelo.nl","None","do_not_mail","role_based","info","verkeersschoolangelo.nl","","","","False","true","mx3.mailpod13-cph3.g1i.hostnet.nl","","","","","",""
"Verkeersschool De Jong Groep B.V.","None","info@verkeersschooldejong.nl","http://www.verkeersschooldejong.nl/","do_not_mail","role_based","info","verkeersschooldejong.nl","","","","False","true","verkeersschooldejong-nl.mail.protection.outlook.com","microsoft","","","","",""
"Verkeersschool J. Dam","0264461540","info@dam.nl","http://www.dam.nl/","do_not_mail","role_based","info","dam.nl","","","","False","true","dam-nl.mail.protection.outlook.com","microsoft","","","","",""
"Verkeersschool Noordam","0343 51 37 72","info@verkeersschoolnoordam.nl","http://www.verkeersschoolnoordam.nl/","do_not_mail","role_based","info","verkeersschoolnoordam.nl","","","","False","true","mail.verkeersschoolnoordam.nl","","","","","",""
"Verkeersschool NOVA","None","info@nova-verkeersopleidingen.nl","https://nova-verkeersopleidingen.nl/","do_not_mail","role_based","info","nova-verkeersopleidingen.nl","","","","False","true","mail.nova-verkeersopleidingen.nl","","","","","",""
"Wegwijs Verkeersopleidingen","06 55820552","info@wegwijs.net","http://www.wegwijs.net/","do_not_mail","role_based_catch_all","info","wegwijs.net","","","","False","true","wegwijs-net.mail.protection.outlook.com","microsoft","","","","",""
"Auto- en motorrijschool Ed Godding","None","info@edgodding.nl","http://www.edgodding.nl/","do_not_mail","role_based","info","edgodding.nl","","","","False","true","mx.edgodding.nl.cust.b.hostedemail.com","accelerator","","","","",""
"Autorijschool Beekdaelen","046 4422 744","anton.vandervelden@kpnmail.com","None","do_not_mail","global_suppression","anton.vandervelden","kpnmail.com","","","","False","false","","","","","","",""
"Autorijschool Dohmen","046 4234441","info@autorijschooldohmen.nl","http://www.autorijschooldohmen.nl/","do_not_mail","role_based","info","autorijschooldohmen.nl","","","","False","true","aspmx.l.google.com","g-suite","","","","",""
"Autorijschool Jeurissen Susteren","046 449 35 71","info@jeurissensusteren.nl","None","do_not_mail","role_based_catch_all","info","jeurissensusteren.nl","","","","False","true","jeurissensusteren-nl.mail.protection.outlook.com","microsoft","","","","",""
"Autorijschool Marcel Mingels V.O.F.","043 343 77 10","info@rijschoolmarcelmingels.nl","http://www.rijschoolmarcelmingels.nl/","do_not_mail","role_based_catch_all","info","rijschoolmarcelmingels.nl","","","","False","true","rijschoolmarcelmingels-nl.mail.protection.outlook.de","microsoft","","","","",""
"Autorijschool Pibiri","0464112737","info@pibiri.nl","None","do_not_mail","role_based_catch_all","info","pibiri.nl","","","","False","true","markermedia.mxdefender.nl","","","","","",""
"Autorijschool Roger Crutzen","0464852661","info@rogercrutzen.nl","http://www.rogercrutzen.nl/","do_not_mail","role_based","info","rogercrutzen.nl","","","","False","true","mx1.jimdo.com","","","","","",""
"Autorijschool Ruber","046 485 32 41","peter@rijbewijsaanbieding.nl","http://www.ruber.nl/","do_not_mail","global_suppression","peter","rijbewijsaanbieding.nl","","","","False","false","","","","","","",""
"Autorijschool Ruber Sittard / Frans-Bert Ruber","046 458 12 06","info@ruber.nl","http://www.ruber.nl/sittard","do_not_mail","role_based_catch_all","info","ruber.nl","","","","False","true","ruber-nl.mail.protection.outlook.com","microsoft","","","","",""
"Autorijschool Zybeau B.V.","None","info@zybeau.nl","None","do_not_mail","role_based","info","zybeau.nl","","","","False","true","mx.transip.email","","","","","",""
"Cordewener Scholing en Training B.V.","06 43 37 84 43","info@cordewenerscholing.nl","http://www.cordewenerscholing.nl/","do_not_mail","role_based","info","cordewenerscholing.nl","","","","False","true","mx01.hornetsecurity.com","","","","","",""
"Diemant Verkeersopleidingen","045 569 05 00","info@diemant.nl","http://www.diemant.nl/","do_not_mail","role_based_catch_all","info","diemant.nl","","","","False","true","mx1.mijndomein.nl","","","","","",""
"M.J.H.E. van der Sande","046 474 19 97","info@autorijschoolvdsande.nl","http://www.autorijschoolvdsande.nl/","do_not_mail","role_based","info","autorijschoolvdsande.nl","","","","False","true","mail.autorijschoolvdsande.nl","","","","","",""
"Rijschool Gras","046 452 81 64","INFO@RIJSCHOOLGRAS.NL","http://www.rijschoolgras.nl/","do_not_mail","role_based","info","rijschoolgras.nl","","","","False","true","mail.rijschoolgras.nl","","","","","",""
"Rijschool JP","046 437 55 77","info@rijschooljp.nl","http://www.rijschooljp.nl/","do_not_mail","role_based_catch_all","info","rijschooljp.nl","","","","False","true","mail.rijschooljp.nl","","","","","",""
"voc-limburg.nl","046 451 82 24","info@voc-limburg.nl","http://www.voc-limburg.nl/","do_not_mail","role_based","info","voc-limburg.nl","","","","False","true","mail.ml2.nl","","","","","",""
"Hans Auto en Motorrijschool","0348 42 00 09","info@autorijschoolhans.com","http://www.autorijschoolhans.com/","do_not_mail","role_based","info","autorijschoolhans.com","","","","False","true","mail.autorijschoolhans.com","","","","","",""
"Anbari Autorijschool","06 14 28 12 53","info@anbari.nl","http://www.anbari.nl/","do_not_mail","role_based","info","anbari.nl","","","","False","true","mx-in-2.webreus.nl","","","","","",""
"Andre Wierenga Auto- en Motorrijschool","06 53 87 09 60","info@wierenga.nl","http://www.wierenga.nl/","do_not_mail","role_based_catch_all","info","wierenga.nl","","","","False","true","mx01.provider.nl","","","","","",""
"Argaman Autorijschool","030 605 10 02","info@argaman.nl","http://www.argaman.nl/","do_not_mail","role_based","info","argaman.nl","","","","False","true","mail.argaman.nl","","","","","",""
"Auto- en Motorrijschool K. Eimers","030 26 17 392","info@rijles-eimers.nl","http://www.rijles-eimers.nl/","do_not_mail","role_based","info","rijles-eimers.nl","","","","False","true","mail.rijles-eimers.nl","","","","","",""
"Auto-rijschoolZeist","306955298","info@auto-rijschoolzeist.nl","http://www.auto-rijschoolzeist.nl/","do_not_mail","role_based_catch_all","info","auto-rijschoolzeist.nl","","","","False","true","mx1.mijndomein.nl","","","","","",""
"Autorijschool 'T Slot II","030 251 32 30","info@autorijschoolslot.nl","None","do_not_mail","role_based_catch_all","info","autorijschoolslot.nl","","","","False","true","antispamcluster.protagonist.nl","","","","","",""
"Autorijschool Activa","030 688 44 95","info@autorijschoolactiva.nl","None","do_not_mail","role_based","info","autorijschoolactiva.nl","","","","False","true","mail.autorijschoolactiva.nl","","","","","",""
"Autorijschool Alpha","None","info@autorijschoolalpha.nl","http://www.autorijschoolalpha.nl/","do_not_mail","role_based","info","autorijschoolalpha.nl","","","","False","true","autorijschoolalpha.nl","","","","","",""
"Autorijschool Bryan","0346 56 57 36","info@autorijschoolbryan.nl","http://www.autorijschoolbryan.nl/","do_not_mail","role_based","info","autorijschoolbryan.nl","","","","False","true","mx.spamexperts.com","spamexperts","","","","",""
"Autorijschool Erik Dunnewold","034 847 10 59","info@autorijschoolerik.nl","None","do_not_mail","role_based","info","autorijschoolerik.nl","","","","False","true","mx2.pub.mailpod6-cph3.one.com","","","","","",""
"Autorijschool Is-Met","None","info@is-met.nl","None","do_not_mail","role_based","info","is-met.nl","","","","False","true","panel.telestohosting.com","","","","","",""
"Autorijschool M. Diekema","0346 56 82 23","info@diekema.nl","http://www.diekema.nl/","do_not_mail","role_based","info","diekema.nl","","","","False","true","mail.diekema.nl","","","","","",""
"Autorijschool Meerkerk","030 243 80 09","info@ameerkerk.nl","https://ameerkerk.nl/","do_not_mail","role_based","info","ameerkerk.nl","","","","False","true","ameerkerk-nl.mail.protection.outlook.com","microsoft","","","","",""
"Autorijschool Orhan","030 261 85 83","info@autorijschoolorhan.nl","None","do_not_mail","role_based_catch_all","info","autorijschoolorhan.nl","","","","False","true","mail.autorijschoolorhan.nl","","","","","",""
"Autorijschool Randstad","06 14 66 69 00","info@rijschoolrandstad.nl","http://www.rijschoolrandstad.nl/","do_not_mail","role_based","info","rijschoolrandstad.nl","","","","False","true","mail.rijschoolrandstad.nl","","","","","",""
"Autorijschool Twin","None","info@verkeersschooltwin.nl","http://www.verkeersschooltwin.nl/","do_not_mail","role_based_catch_all","info","verkeersschooltwin.nl","","","","False","true","verkeersschooltwin-nl.mail.protection.outlook.com","microsoft","","","","",""
"Autorijschool Wezemer","06 81 42 70 80","info@autorijschoolwezemer.nl","None","do_not_mail","role_based","info","autorijschoolwezemer.nl","","","","False","true","mx10.antispam.mailspamprotection.com","siteground","","","","",""
"Autorijschool YOUYOU","None","info@rij-youyou.nl","http://www.rij-youyou.nl/","do_not_mail","role_based_catch_all","info","rij-youyou.nl","","","","False","true","rij-youyou.nl","","","","","",""
"Dirk Post","030 687 41 58","info@dpost.nl","http://www.dpost.nl/","do_not_mail","role_based","info","dpost.nl","","","","False","true","mx1.jimdo.com","","","","","",""
"Flexrijbewijs.nl","None","info@flexrijbewijs.nl","http://www.flexrijbewijs.nl/","do_not_mail","role_based","info","flexrijbewijs.nl","","","","False","true","mx2.pub.mailpod11-cph3.one.com","","","","","",""
"Frank Sakkers","0346 79 51 23","info@franksakkers.nl","http://www.franksakkers.nl/","do_not_mail","role_based","info","franksakkers.nl","","","","False","true","franksakkers-nl.mail.protection.outlook.com","microsoft","","","","",""
"Gemini Rijopleidingen","0346353293","info@gemini-rijopleidingen.nl","http://www.gemini-rijopleidingen.nl/","do_not_mail","role_based","info","gemini-rijopleidingen.nl","","","","False","true","aspmx.l.google.com","g-suite","","","","",""
"J.J. Hulskemper","030 630 08 16","info@hulskemper.nl","http://www.hulskemper.nl/","do_not_mail","role_based","info","hulskemper.nl","","","","False","true","mailfilter.hostnet.nl","","","","","",""
"Keser Rijopleidingen","030 6037 320","info@rijschool-keser.nl","https://rijschool-keser.nl/","do_not_mail","role_based","info","rijschool-keser.nl","","","","False","true","aspmx.l.google.com","g-suite","","","","",""
"Keystone Verkeerseducatie","030 633 60 88","info@keystone.nu","http://www.keystone.nu/","do_not_mail","role_based_catch_all","info","keystone.nu","","","","False","true","mx1.mijndomein.nl","","","","","",""
"Maikel Epping Rijopleidingen","030 6878 376","info@maikeleppingrijopleidingen.nl","https://www.maikeleppingrijopleidingen.nl/","do_not_mail","role_based","info","maikeleppingrijopleidingen.nl","","","","False","true","mail.maikeleppingrijopleidingen.nl","","","","","",""
"Mijn Rijschool Utrecht","None","info@mijnrijschoolutrecht.nl","http://www.mijnrijschoolutrecht.nl/","do_not_mail","role_based_catch_all","info","mijnrijschoolutrecht.nl","","","","False","true","mijnrijschoolutrecht.nl","","","","","",""
"NIRO Auto-Motorrijschool","None","info@niro-rijschool.nl","http://www.niro-rijschool.nl/","do_not_mail","role_based","info","niro-rijschool.nl","","","","False","true","niro-rijschool.nl","","","","","",""
"Rijbewijswinkel","030 251 35 20","info@de-rijbewijswinkel.nl","None","do_not_mail","role_based","info","de-rijbewijswinkel.nl","","","","False","true","aspmx.l.google.com","g-suite","","","","",""
"Rijportaal","06 45 45 40 66","info@rijportaal.nl","None","do_not_mail","role_based","info","rijportaal.nl","","","","False","true","mail.rijportaal.nl","","","","","",""
"Rijschool Aahaa","030 604 63 13","info@aahaa.nl","http://www.aahaa.nl/","do_not_mail","role_based","info","aahaa.nl","","","","False","true","mail.aahaa.nl","","","","","",""
"Rijschool Galgenwaard","030 280 08 82","info@rijschoolgalgenwaard.nl","http://www.rijschoolgalgenwaard.nl/","do_not_mail","role_based_catch_all","info","rijschoolgalgenwaard.nl","","","","False","true","spamrelay.zxcs.nl","","","","","",""
"Rijschool Matse","06 131 09 06 9","info@rijschoolmatse.nl","http://www.rijschoolmatse.nl/","do_not_mail","role_based_catch_all","info","rijschoolmatse.nl","","","","False","true","mail.rijschoolmatse.nl","","","","","",""
"Rijschool Omega","0302218940","info@rijschoolomega.nl","None","do_not_mail","role_based","info","rijschoolomega.nl","","","","False","true","mail.rijschoolomega.nl","","","","","",""
"Rijschool Schonenburg","030 637 94 77","info@schonenburg.nl","http://www.schonenburg.nl/","do_not_mail","role_based","info","schonenburg.nl","","","","False","true","filter.premiumantispam.nl","","","","","",""
"Rijschool van Seumeren","034 657 03 29","info@vanseumeren.org","None","do_not_mail","role_based_catch_all","info","vanseumeren.org","","","","False","true","vanseumeren-org.o-v1.mx.microsoft","","","","","",""
"Rijschool ViaTAVI","034 737 68 28","info@viatavi.nl","http://www.viatavi.nl/","do_not_mail","role_based","info","viatavi.nl","","","","False","true","mx.transip.email","","","","","",""
"Rijschool Weverstede B.V.","030 889 52 33","info@rijschool-weverstede.nl","http://www.rijschool-weverstede.nl/","do_not_mail","role_based_catch_all","info","rijschool-weverstede.nl","","","","False","true","rijschoolweverstede-nl02c.mail.protection.outlook.com","microsoft","","","","",""
"Sterk Rijopleidingen","030 2733 444","info@sterk.me","https://www.sterkrijopleidingen.nl/","do_not_mail","role_based","info","sterk.me","","","","False","true","mx2.mailpod13-cph3.g1i.hostnet.nl","","","","","",""
"Verkeersopleidingscentrum Safety","None","info@rijschool-safety.nl","https://rijschool-safety.nl/","do_not_mail","role_based","info","rijschool-safety.nl","","","","False","true","aspmx.l.google.com","g-suite","","","","",""
"Verkeersschool E. van Drie B.V.","None","info@evandrie.nl","http://www.evandrie.nl/","do_not_mail","role_based","info","evandrie.nl","","","","False","true","mx.spamexperts.com","spamexperts","","","","",""
"Verkeersschool Weber Bilthoven","030 228 39 39","info@verkeersschool-weber.nl","None","do_not_mail","role_based","info","verkeersschool-weber.nl","","","","False","true","mx1.mijndomein.nl","","","","","",""
"Veronica Verkeersschool B.V.","030 273 08 40","informatie@veronicaverkeersschool.nl","http://www.veronicaverkeersschool.nl/","do_not_mail","role_based_catch_all","informatie","veronicaverkeersschool.nl","","","","False","true","mail.telemos.nl","","","","","",""
"W.M. van Dijk","030 604 99 96","info@autorijschoolwimvandijk.nl","None","do_not_mail","role_based_catch_all","info","autorijschoolwimvandijk.nl","","","","False","true","mailfilter.hostnet.nl","","","","","",""
"XL-Verkeersopleidingen","None","info@xlverkeersopleidingen.nl","None","do_not_mail","role_based","info","xlverkeersopleidingen.nl","","","","False","true","mail.xlverkeersopleidingen.nl","","","","","",""
"Autorijschool Rien Janssen","077 466 10 66","info@autorijschoolrienjanssen.nl","http://www.autorijschoolrienjanssen.nl/","do_not_mail","role_based","info","autorijschoolrienjanssen.nl","","","","False","true","mx1.mijndomein.nl","","","","","",""
"Autorijschool YouToo","0495 54 89 75","info@rijschoolyoutoo.nl","http://www.rijschoolyoutoo.nl/","do_not_mail","role_based_catch_all","info","rijschoolyoutoo.nl","","","","False","true","srv1.flexfilter.nl","","","","","",""
"Rijschool Asten","049 369 35 02","info@rijschoolasten.nl","None","do_not_mail","role_based_catch_all","info","rijschoolasten.nl","","","","False","true","mx4.vevida.com","","","","","",""
"Rijschool Gear Up","049 553 25 03","info@rijschoolgearup.nl","None","do_not_mail","role_based_catch_all","info","rijschoolgearup.nl","","","","False","true","mx1.mijndomein.nl","","","","","",""
"Rijschool Jacobs","0495 53 12 67","info@rijschooljacobs.nl","http://www.rijschooljacobs.nl/","do_not_mail","role_based","info","rijschooljacobs.nl","","","","False","true","mx2.pub.mailpod6-cph3.one.com","","","","","",""
"Rijschool Van Hooff","0495 59 94 23","info@rijschoolvanhooff.nl","http://www.rijschoolvanhooff.nl/","do_not_mail","role_based_catch_all","info","rijschoolvanhooff.nl","","","","False","true","primary.mail.pcextreme.nl","","","","","",""
"Verkeersschool Cranenbroek B.V.","None","info@verkeersschoolcranenbroek.nl","http://www.verkeersschoolcranenbroek.nl/","do_not_mail","role_based_catch_all","info","verkeersschoolcranenbroek.nl","","","","False","true","primary.yourfilter.nl","","","","","",""
"Auto- en Motorrijschool Schipper","0599 33 21 34","info@autorijschool-schipper.nl","http://www.autorijschool-schipper.nl/","do_not_mail","role_based","info","autorijschool-schipper.nl","","","","False","true","mail.autorijschool-schipper.nl","","","","","",""
"Autorijschool John de Graaf","0599 61 69 64","info@autorijschooljohndegraaf.nl","http://www.autorijschooljohndegraaf.nl/","do_not_mail","role_based","info","autorijschooljohndegraaf.nl","","","","False","true","mail.autorijschooljohndegraaf.nl","","","","","",""
"Autorijschool Richard Schut","0597856723","info@rijschoolrichardschut.nl","http://www.rijschoolrichardschut.nl/","do_not_mail","role_based","info","rijschoolrichardschut.nl","","","","False","true","server.me-soft.nl","","","","","",""
"Autorijschool Trees De Vries","0597 53 24 44","info@autorijschool-treesdevries.nl","None","do_not_mail","role_based","info","autorijschool-treesdevries.nl","","","","False","true","autorijschool-treesdevries.nl","","","","","",""
"Folkers Rijopleidingen","0599 33 25 60","info@folkersrijopleidingen.nl","http://www.folkersrijopleidingen.nl/","do_not_mail","role_based_catch_all","info","folkersrijopleidingen.nl","","","","False","true","folkersrijopleidingen-nl.mail.protection.outlook.com","microsoft","","","","",""
"Ploeg Verkeers Educatie Centrum","0592 27 24 13","info@ploegvec.nl","http://www.ploegvec.nl/","do_not_mail","role_based_catch_all","info","ploegvec.nl","","","","False","true","ploegvec-nl.mail.protection.outlook.com","microsoft","","","","",""
"Rijschool Ludolf Niemeijer (H.W. Nieuwenhuis)","06 12 71 30 15","info@ludolfniemeijer.nl","https://ludolfniemeijer.nl/","do_not_mail","role_based","info","ludolfniemeijer.nl","","","","False","true","mail.ludolfniemeijer.nl","","","","","",""
"Rijschool Midden-Groningen","059 885 61 29","info@rijschoolmiddengroningen.nl","None","do_not_mail","role_based","info","rijschoolmiddengroningen.nl","","","","False","true","mail.jouwweb.nl","","","","","",""
"Rijschool Njoy","0598617962","contact@rijschoolnjoy.nl","http://www.rijschoolnjoy.nl/","do_not_mail","role_based","contact","rijschoolnjoy.nl","","","","False","true","web4.hostingcp.eu","","","","","",""
"Rijschool Ruud","059 660 18 85","info@rijschoolruud.nl","None","do_not_mail","role_based","info","rijschoolruud.nl","","","","False","true","mail.rijschoolruud.nl","","","","","",""
"Verkeersschool Schuringa B.V.","0597 42 29 11","info@verkeersschoolschuringa.nl","http://www.verkeersschoolschuringa.nl/","do_not_mail","role_based","info","verkeersschoolschuringa.nl","","","","False","true","mail.verkeersschoolschuringa.nl","","","","","",""
"Autorijschool 4Wheels","0252 68 87 27","info@autorijschool4wheels.nl","None","do_not_mail","role_based_catch_all","info","autorijschool4wheels.nl","","","","False","true","spamrelay.zxcs.nl","","","","","",""
"Autorijschool Aris Bakker","06 23 32 60 54","info@arisbakker.nl","http://www.arisbakker.nl/","do_not_mail","role_based_catch_all","info","arisbakker.nl","","","","False","true","primary.yourfilter.nl","","","","","",""
"Autorijschool Karin de Ruiter","None","info@karinderuiter.nl","http://www.karinderuiter.nl/","do_not_mail","role_based","info","karinderuiter.nl","","","","False","true","mail.jouwweb.nl","","","","","",""
"Autorijschool Poul","0299 46 01 51","info@autorijschoolpoul.nl","http://www.autorijschoolpoul.nl/","do_not_mail","role_based","info","autorijschoolpoul.nl","","","","False","true","autorijschoolpoul.nl","","","","","",""
"Drive Safety Rijschool","None","info@drivesafety.nl","http://www.drivesafety.nl/","do_not_mail","role_based_catch_all","info","drivesafety.nl","","","","False","true","mail.drivesafety.nl","","","","","",""
"Heijs & Excel Rijopleidingen","06 26 32 46 72","info@heijs.nl","None","do_not_mail","role_based","info","heijs.nl","","","","False","true","aspmx.l.google.com","g-suite","","","","",""
"Mirrer","0299 64 07 83","info@mirrer.nl","http://www.mirrer.nl/","do_not_mail","role_based","info","mirrer.nl","","","","False","true","mx.transip.email","","","","","",""
"A-One Autorijopleiding","079 320 06 68","info@a1-rijbewijs.nl","http://www.a1-rijschool.nl/","do_not_mail","role_based","info","a1-rijbewijs.nl","","","","False","true","mx.spamexperts.com","spamexperts","","","","",""
"Alkar.nl","06 33919161","info@alkar.nl","http://www.alkar.nl/","do_not_mail","role_based","info","alkar.nl","","","","False","true","mx.transip.email","","","","","",""
"Auto- en motorrijschool Ton Verhoeven","071 531 66 88","info@tonverhoeven.nl","http://www.tonverhoeven.nl/","do_not_mail","role_based_catch_all","info","tonverhoeven.nl","","","","False","true","mx1.compleet.email","","","","","",""
"Autorijschool De Rijk","070 355 58 54","info@rijschoolderijk.nl","http://www.rijschoolderijk.nl/","do_not_mail","role_based","info","rijschoolderijk.nl","","","","False","true","mail.rijschoolderijk.nl","","","","","",""
"Autorijschool Peter de Wekker","071 589 40 70","info@peterdewekker.nl","http://www.peterdewekker.nl/","do_not_mail","role_based","info","peterdewekker.nl","","","","False","true","peterdewekker-nl.mail.protection.outlook.com","microsoft","","","","",""
"Autorijschool André","010 465 02 21","info@autorijschool-andre.nl","None","do_not_mail","role_based","info","autorijschool-andre.nl","","","","False","true","relay.ximple.eu","","","","","",""
"Autorijschool Casper","06 25 07 70 71","info@rijschoolcasper.nl","http://www.rijschoolcasper.nl/","do_not_mail","global_suppression","info","rijschoolcasper.nl","","","","False","true","aspmx.l.google.com","g-suite","","365","1","unknown","unknown"
"Autorijschool Dutch Driving","085 1303 817","info@autorijschooldutchdriving.nl","None","do_not_mail","role_based","info","autorijschooldutchdriving.nl","","","","False","true","mail.autorijschooldutchdriving.nl","","","","","",""
"Autorijschool Euro Drive","010 212 50 00","info@eurodrive.nl","http://www.eurodrive.nl/","do_not_mail","role_based","info","eurodrive.nl","","","","False","true","mail.eurodrive.nl","","","","","",""
"Autorijschool Fast Forward","070 345 92 76","info@rijFastForward.nl","http://www.rijfastforward.nl/","do_not_mail","role_based","info","rijfastforward.nl","","","","False","true","mx3.mailpod13-cph3.g1i.hostnet.nl","","","","","",""
"Autorijschool Jitan","071 512 36 25","mail@jitan.nl","http://www.jitan.nl/","do_not_mail","role_based_catch_all","mail","jitan.nl","","","","False","true","aspmx.l.google.com","g-suite","","","","",""
"Autorijschool Kerklaan","010 521 2241","info@autorijschool-kerklaan.nl","http://www.autorijschool-kerklaan.nl/","do_not_mail","role_based_catch_all","info","autorijschool-kerklaan.nl","","","","False","true","mx1.mijndomein.nl","","","","","",""
"Autorijschool Robert","0793611851","info@autorijschoolrobert.nl","http://www.autorijschoolrobert.nl/","do_not_mail","role_based","info","autorijschoolrobert.nl","","","","False","true","mail.autorijschoolrobert.nl","","","","","",""
"Autorijschool Sense","None","info@senserijopleidingen.nl","http://www.senserijopleidingen.nl/","do_not_mail","role_based","info","senserijopleidingen.nl","","","","False","true","maildrop3.argewebhosting.nl","","","","","",""
"autorijschool start to go","085 003 10 11","info@all-in-one.nl","http://www.all-in-one.nl/","do_not_mail","role_based","info","all-in-one.nl","","","","False","true","mx.transip.email","","","","","",""
"Autorijschool Stoffer","071 580 13 45","info@autorijschoolstoffer.nl","http://www.autorijschoolstoffer.nl/","do_not_mail","role_based","info","autorijschoolstoffer.nl","","","","False","true","mail.autorijschoolstoffer.nl","","","","","",""
"Be4you Rijschool","079 593 74 71","info@be4you.nl","None","do_not_mail","role_based_catch_all","info","be4you.nl","","","","False","true","be4you-nl.mail.protection.outlook.com","microsoft","","365+","1","",""
"Dbm Autorijschool","010 456 59 07","INFO@DBMAUTORIJSCHOOL.NL","http://www.dbmautorijschool.nl/","do_not_mail","role_based_catch_all","info","dbmautorijschool.nl","","","","False","true","mx.transip.email","","","","","",""
"De Lier Verkeersopleidingen","010 425 77 26","info@delierverkeersopleidingen.nl","http://www.delierverkeersopleidingen.nl/","do_not_mail","role_based","info","delierverkeersopleidingen.nl","","","","False","true","mail.delierverkeersopleidingen.nl","","","","","",""
"De rijles juf","None","info@derijlesjuf.nl","None","do_not_mail","role_based","info","derijlesjuf.nl","","","","False","true","mx.zoho.eu","zoho","","","","",""
"Doedrive Rijopleidingen","079 316 25 85","info@doedrive.nl","http://www.doedrive.nl/","do_not_mail","role_based","info","doedrive.nl","","","","False","true","doedrive.nl","","","","","",""
"Freeway Verkeersopleidingen","079 321 07 89","info@free-way.nl","http://www.free-way.nl/","do_not_mail","role_based","info","free-way.nl","","","","False","true","mail.free-way.nl","","","","","",""
"Hans der Weduwe Rijopleidingen","0105219025","info@hansderweduwe.nl","http://www.hansderweduwe.nl/","do_not_mail","role_based","info","hansderweduwe.nl","","","","False","true","primary.yourfilter.nl","","","","","",""
"LAKÉ Rijopleiding","010 8410 446","info@lake-rijopleiding.nl","https://lake-rijopleiding.nl/","do_not_mail","role_based_catch_all","info","lake-rijopleiding.nl","","","","False","true","smtp.rzone.de","","","","","",""
"Leeuwendael Rijinstructie","None","info@leeuwendaelrijinstructie.nl","None","do_not_mail","role_based","info","leeuwendaelrijinstructie.nl","","","","False","true","leeuwendaelrijinstructie.nl","","","","","",""
"Mart Rijopleidingen en trainingen","079 360 32 36","info@martrijopleidingen.nl","http://www.martrijopleidingen.nl/","do_not_mail","role_based_catch_all","info","martrijopleidingen.nl","","","","False","true","mx2.mijndomein.nl","","","","","",""
"Motorway B.V.","070 326 53 61","info@motorway.nl","http://www.motorway.nl/","do_not_mail","role_based","info","motorway.nl","","","","False","true","aspmx.l.google.com","g-suite","","","","",""
"Opfris Rijles B.V.","085 760 40 60","info@opfris-rijles.nl","None","do_not_mail","role_based","info","opfris-rijles.nl","","","","False","true","mail.opfris-rijles.nl","","","","","",""
"Rijschool Veldkamp","015 887 88 07","mail@rijschoolveldkamp.nl","http://www.rijschoolveldkamp.nl/","do_not_mail","role_based","mail","rijschoolveldkamp.nl","","","","False","true","mx2.mailpod13-cph3.g1i.hostnet.nl","","","","","",""
"Rijschool A-Klasse","070 752 17 89","info@aklasse-rijschool.nl","http://www.aklasse-rijschool.nl/","do_not_mail","role_based","info","aklasse-rijschool.nl","","","","False","true","mail.aklasse-rijschool.nl","","","","","",""
"Rijschool Hero","085 130 75 41","info@rijschoolhero.nl","https://rijschoolhero.nl/","do_not_mail","role_based","info","rijschoolhero.nl","","","","False","true","mail.rijschoolhero.nl","","","","","",""
"Rijschool Uniek","071 529 2300","info@rijschool-uniek.nl","http://www.rijschool-uniek.nl/","do_not_mail","role_based","info","rijschool-uniek.nl","","","","False","true","mail.rijschool-uniek.nl","","","","","",""
"Rijschool van Gils","06 24 99 89 27","info@rijschoolvangils.nl","http://www.rijschoolvangils.nl/","do_not_mail","role_based","info","rijschoolvangils.nl","","","","False","true","mx1.mail-scanner.eu","","","","","",""
"Rijschool Vreugdenhil","None","info@robvreugdenhil.nl","None","do_not_mail","role_based_catch_all","info","robvreugdenhil.nl","","","","False","true","robvreugdenhil-nl.mail.protection.outlook.com","microsoft","","","","",""
"Safety Drivers","06 41 28 28 73","info@safetydrivers.nl","http://www.safetydrivers.nl/","do_not_mail","role_based","info","safetydrivers.nl","","","","False","true","mail.safetydrivers.nl","","","","","",""
"UltraTheorie","None","contact@ultratheorie.nl","None","do_not_mail","role_based","contact","ultratheorie.nl","","","","False","true","mx2.mijnhostingpartner.nl","","","","","",""
"Verkeerscentrum Zoetermeer V.O.F.","None","info@verkeerscentrum.nl","http://www.verkeerscentrum.nl/","do_not_mail","role_based_catch_all","info","verkeerscentrum.nl","","","","False","true","verkeerscentrum-nl.mail.protection.outlook.com","microsoft","","","","",""
"Verkeerschool Jan","015 369 72 17","info@rijschool-jan.com","http://www.rijschool-jan.com/","do_not_mail","role_based","info","rijschool-jan.com","","","","False","true","mail.rijschool-jan.com","","","","","",""
"Verkeersschool Adrian","015 8894138","info@verkeersschooladrian.nl","http://www.verkeersschooladrian.nl/","do_not_mail","role_based","info","verkeersschooladrian.nl","","","","False","true","mx3.vevida.com","","","","","",""
"Verkeersschool Charisma","070 220 66 27","info@verkeersschoolcharisma.nl","None","do_not_mail","role_based_catch_all","info","verkeersschoolcharisma.nl","","","","False","true","mx1.mijndomein.nl","","","","","",""
"Verkeersschool Concept","015 202 4021","info@verkeersschoolconcept.nl","https://verkeersschoolconcept.nl/","do_not_mail","role_based","info","verkeersschoolconcept.nl","","","","False","true","mail.verkeersschoolconcept.nl","","","","","",""
"Verkeersschool Corina","071 562 27 14","info@verkeersschoolcorina.nl","http://www.verkeersschoolcorina.nl/","do_not_mail","role_based","info","verkeersschoolcorina.nl","","","","False","true","mx1.mail-scanner.eu","","","","","",""
"Verkeersschool de Flits","06 50 40 47 89","info@verkeersschooldeflits.nl","http://www.rijschool-denhaag.info/","do_not_mail","role_based","info","verkeersschooldeflits.nl","","","","False","true","aspmx.l.google.com","g-suite","","","","",""
"Verkeersschool De Meester","015 257 51 48","info@leerrijden.nl","http://www.verkeersschool-demeester.nl/","do_not_mail","role_based","info","leerrijden.nl","","","","False","true","mailforward-a.hosting2go.nl","","","","","",""
"Verkeersschool De Ridder B.V.","None","info@verkeersschoolderidder.nl","http://www.verkeersschoolderidder.nl/","do_not_mail","role_based_catch_all","info","verkeersschoolderidder.nl","","","","False","true","verkeersschoolderidder-nl.mail.protection.outlook.com","microsoft","","","","",""
"Verkeersschool Fly-Over","070 321 01 80","info@fly-over.nl","http://www.fly-over.nl/","do_not_mail","role_based","info","fly-over.nl","","","","False","true","aspmx.l.google.com","g-suite","","","","",""
"Verkeersschool GoPro","795000050","info@verkeersschoolgopro.nl","http://www.verkeersschoolgopro.nl/","do_not_mail","role_based_catch_all","info","verkeersschoolgopro.nl","","","","False","true","verkeersschoolgopro-nl.mail.protection.outlook.com","microsoft","","","","",""
"Verkeersschool Metro V.O.F.","070 364 66 68","info@metro.nl","None","do_not_mail","role_based","info","metro.nl","","","","False","true","mail.metro.nl","","","","","",""
"Verkeersschool Philippo","None","info@verkeersschoolphilippo.nl","http://www.verkeersschoolphilippo.nl/","do_not_mail","role_based","info","verkeersschoolphilippo.nl","","","","False","true","verkeersschoolphilippo-nl.mail.protection.outlook.com","microsoft","","","","",""
"Verkeersschool Qualitijd","0717859717","info@verkeersschoolqualitijd.nl","None","do_not_mail","role_based_catch_all","info","verkeersschoolqualitijd.nl","","","","False","true","mailme.enter-system.com","","","","","",""
"Verkeersschool van Buuren B.V.","None","info@vbuuren.nl","http://www.vbuuren.nl/","do_not_mail","role_based","info","vbuuren.nl","","","","False","true","vbuuren-nl.mail.protection.outlook.com","microsoft","","","","",""
"Verkeersschool van Dien","06 27 80 59 28","info@vandienrijschool.nl","http://www.vandienrijschool.nl/","do_not_mail","role_based_catch_all","info","vandienrijschool.nl","","","","False","true","vandienrijschool-nl.mail.protection.outlook.com","microsoft","","","","",""
"Verkeersschool Yello","None","info@yello.nu","http://www.yello.nu/","do_not_mail","role_based","info","yello.nu","","","","False","true","mail.yello.nu","","","","","",""
"Visie","070 212 63 47","info@rij-met-visie.nl","http://www.rij-met-visie.nl/","do_not_mail","role_based","info","rij-met-visie.nl","","","","False","true","rij-met-visie.nl","","","","","",""
"Auto en Motor Rijschool Booij","038 375 97 40","info@rijschoolbooij.nl","http://www.rijschoolbooij.nl/","do_not_mail","role_based","info","rijschoolbooij.nl","","","","False","true","mx2.pub.mailpod7-cph3.one.com","","","","","",""
"Auto-Motorrijschool Bekedam","0529 43 26 37","info@rijschoolbekedam.nl","http://www.rijschoolbekedam.nl/","do_not_mail","role_based","info","rijschoolbekedam.nl","","","","False","true","_dc-mx.37d1dafdeb2f.rijschoolbekedam.nl","","","","","",""
"Auto-Motorrijschool Oosterlaar","0572 39 27 78","info@rijschooloosterlaar.nl","http://www.rijschooloosterlaar.nl/","do_not_mail","role_based_catch_all","info","rijschooloosterlaar.nl","","","","False","true","rijschooloosterlaar-nl.mail.protection.outlook.com","microsoft","","","","",""
"Autorijschool Aan Kop","529466962","info@autorijschoolaankop.nl","http://www.autorijschoolaankop.nl/","do_not_mail","role_based","info","autorijschoolaankop.nl","","","","False","true","mx14.hostingdiscounter.nl","","","","","",""
"Autorijschool Buter","None","info@rijschoolbuter.nl","http://www.rijschoolbuter.nl/","do_not_mail","role_based","info","rijschoolbuter.nl","","","","False","true","primary.yourfilter.nl","","","","","",""
"Autorijschool De Krosse","038 331 96 95","informatie@dekrosse.nl","http://www.dekrosse.nl/","do_not_mail","role_based_catch_all","informatie","dekrosse.nl","","","","False","true","dekrosse-nl.mail.protection.outlook.com","microsoft","","","","",""
"Autorijschool De Weerd Zwolle B.V.","085 073 2400","info@deweerd.net","https://deweerd.net/","do_not_mail","role_based","info","deweerd.net","","","","False","true","deweerd-net.mail.protection.outlook.com","microsoft","","","","",""
"Autorijschool Kruidhof","0529 48 46 55","info@rijschoolkruidhof.nl","http://www.rijschoolkruidhof.nl/","do_not_mail","role_based","info","rijschoolkruidhof.nl","","","","False","true","mx10.antispam.mailspamprotection.com","siteground","","","","",""
"Autorijschool L.Beute","0383765588","l.beute1@upcmail.com","None","do_not_mail","disposable","l.beute1","upcmail.com","","","","True","false","","","","","","",""
"Autorijschool Nawabi","06 14 12 65 03","info@rijschoolnawabi.nl","http://www.rijschoolnawabi.nl/","do_not_mail","role_based","info","rijschoolnawabi.nl","","","","False","true","mx-in-4.webreus.nl","","","","","",""
"Autorijschool Progress","None","info@autorijschoolprogress.nl","http://www.autorijschoolprogress.nl/","do_not_mail","role_based","info","autorijschoolprogress.nl","","","","False","true","mx1.mijndomein.nl","","","","","",""
"Autorijschool Roadwise","038 465 29 89","info@roadwise.nl","http://www.roadwise.nl/","do_not_mail","role_based","info","roadwise.nl","","","","False","true","smtp.rzone.de","","","","","",""
"Autorijschool Ron","038 3374078","info@autorijschoolron.nl","http://www.autorijschoolron.nl/","do_not_mail","role_based","info","autorijschoolron.nl","","","","False","true","mail.autorijschoolron.nl","","","","","",""
"Autorijschool Wessels","038 375 99 90","info@rijschoolwessels.nl","http://www.rijschoolwessels.nl/","do_not_mail","role_based","info","rijschoolwessels.nl","","","","False","true","smtp.rzone.de","","","","","",""
"Centrum voor Verkeersopleidingen Noord-Nederland","681956291","info@cvnn.nl","http://www.cvnn.nl/","do_not_mail","role_based_catch_all","info","cvnn.nl","","","","False","true","mx3.pub.mailpod8-cph3.one.com","","","","","",""
"Energy Traffic Education","None","info@energytraffic.nl","http://www.energytraffic.nl/","do_not_mail","role_based","info","energytraffic.nl","","","","False","true","mail.energytraffic.nl","","","","","",""
"JobTrans B.V.","None","info@jobtrans.nl","http://www.jobtrans.nl/","do_not_mail","role_based","info","jobtrans.nl","","","","False","true","jobtrans-nl.mail.protection.outlook.com","microsoft","","","","",""
"Kernpunt Rij-opleidingen","0651 407 451","info@rijschool-kernpunt.nl","http://www.rijschool-kernpunt.nl/","do_not_mail","role_based_catch_all","info","rijschool-kernpunt.nl","","","","False","true","rijschoolkernpunt-nl02c.mail.protection.outlook.com","microsoft","","","","",""
"Lessen bij Laurens","0619063206","info@lessenbijlaurens.nl","None","do_not_mail","role_based_catch_all","info","lessenbijlaurens.nl","","","","False","true","lessenbijlaurens.nl","","","","","",""
"Rijschool A. Hendriks","0525 63 39 75","info@rijschoolhendriks.nl","http://www.rijschoolhendriks.nl/","do_not_mail","role_based","info","rijschoolhendriks.nl","","","","False","true","mx.spamservice.nl","","","","","",""
"Rijschool Chris","None","info@rijschoolchris.nl","None","do_not_mail","role_based","info","rijschoolchris.nl","","","","False","true","mail.rijschoolchris.nl","","","","","",""
"Rijschool Docter - Helder","038 447 99 87","info@rijschoolhelder.nl","http://www.rijschoolhelder.nl/","do_not_mail","role_based_catch_all","info","rijschoolhelder.nl","","","","False","true","mx3.infracom.nl","","","","","",""
"Rijschool Frank","053 538 64 34","info@rijschool-frank.nl","http://www.rijschool-frank.nl/","do_not_mail","role_based","info","rijschool-frank.nl","","","","False","true","rijschool-frank.nl","","","","","",""
"Rijschool Go-Mar","038 785 03 88","info@rijschoolgomar.nl","http://www.rijschoolgomar.nl/","do_not_mail","role_based","info","rijschoolgomar.nl","","","","False","true","mail.rijschoolgomar.nl","","","","","",""
"Rijschool Mulder","038 423 91 07","info@rijschoolmulder.nl","http://www.rijschoolmulder.nl/","do_not_mail","role_based_catch_all","info","rijschoolmulder.nl","","","","False","true","mx-in-4.webreus.nl","","","","","",""
"Rijschool Seatbelt","038 454 95 44","INFO@SEATBELT.NL","http://www.seatbelt.nl/","do_not_mail","role_based_catch_all","info","seatbelt.nl","","","","False","true","mx3.pub.mailpod14-cph3.one.com","","","","","",""
"Rijschool Slingerland","038 385 87 89","info@rijschoolslingerland.nl","None","do_not_mail","role_based_catch_all","info","rijschoolslingerland.nl","","","","False","true","primary.mail.pcextreme.nl","","","","","",""
"Rijschool Winters","0529456484","info@rijschoolwinters.nl","http://www.rijschoolwinters.nl/","do_not_mail","role_based","info","rijschoolwinters.nl","","","","False","true","mx4.mailpod13-cph3.g1i.hostnet.nl","","","","","",""
"Rijschool@Succes","0384608266","info@rijschooledsucces.nl","http://www.rijschooledsucces.nl/","do_not_mail","role_based","info","rijschooledsucces.nl","","","","False","true","mail.rijschooledsucces.nl","","","","","",""
"Van Buuren Opleidingen","088 700 14 00","info@vanbuuren.nl","http://www.vanbuuren.nl/","do_not_mail","role_based","info","vanbuuren.nl","","","","False","true","vanbuuren-nl.mail.protection.outlook.com","microsoft","","","","",""
"Verkeersschool Dijkhuizen","06 53 34 08 86","info@verkeersschooldijkhuizen.nl","http://www.verkeersschooldijkhuizen.nl/","do_not_mail","role_based","info","verkeersschooldijkhuizen.nl","","","","False","true","mail.verkeersschooldijkhuizen.nl","","","","","",""
"Verkeersschool J. Kniest","0525 68 66 01","info@verkeersschool-kniest.nl","http://www.verkeersschool-kniest.nl/","do_not_mail","role_based","info","verkeersschool-kniest.nl","","","","False","true","mx1.mijndomein.nl","","","","","",""
"Esar Autorijschool","None","info@verkeersschoolesar.nl","http://www.verkeersschoolesar.nl/","do_not_mail","role_based","info","verkeersschoolesar.nl","","","","False","true","mx1.mijndomein.nl","","","","","",""
"Verkeersopleidingen Perry Noorderveen","0345633166","info@rijschoolnoorderveen.nl","None","do_not_mail","role_based","info","rijschoolnoorderveen.nl","","","","False","true","mx1.mailpod13-cph3.g1i.hostnet.nl","","","","","",""
"Afslag Haarlem","023 620 01 01","info@rijschoolafslag.nl","None","do_not_mail","role_based_catch_all","info","rijschoolafslag.nl","","","","False","true","rijschoolafslag.nl","","","","","",""
"Auto-Motorrijschool Nr.1","None","info@animo-nr1.nl","http://www.animo-nr1.nl/","do_not_mail","role_based","info","animo-nr1.nl","","","","False","true","mx.spamservice.nl","","","","","",""
"Autorijschool Brijder","023 525 97 45","info@autorijschoolbrijder.nl","http://www.autorijschoolbrijder.nl/","do_not_mail","role_based","info","autorijschoolbrijder.nl","","","","False","true","maildrop1.argewebhosting.nl","","","","","",""
"Autorijschool Dik Trom","023 561 37 40","info@autorijschooldiktrom.nl","http://www.autorijschooldiktrom.nl/","do_not_mail","role_based_catch_all","info","autorijschooldiktrom.nl","","","","False","true","mx.spamservice.nl","","","","","",""
"Autorijschool Fred Verloop","0622217770","info@fredverloop.nl","http://www.fredverloop.nl/","do_not_mail","role_based","info","fredverloop.nl","","","","False","true","mx1.mijn.host","","","","","",""
"Autorijschool Goes & Boonstra","023 533 99 75","info@goesboonstra.nl","http://www.goesboonstra.nl/","do_not_mail","role_based_catch_all","info","goesboonstra.nl","","","","False","true","goesboonstra-nl.mail.protection.outlook.com","microsoft","","","","",""
"Autorijschool Hartewens","023 540 94 30","info@RijschoolHartewens.nl","http://www.rijschoolhartewens.nl/","do_not_mail","role_based_catch_all","info","rijschoolhartewens.nl","","","","False","true","rijschoolhartewens.nl","","","","","",""
"Autorijschool Lokman","None","info@rijschoollokman.nl","None","do_not_mail","role_based","info","rijschoollokman.nl","","","","False","true","mx18.internl.net","","","","","",""
"Autorijschool Thomas","0252 62 22 62","info@autorijschoolthomas.nl","None","do_not_mail","role_based_catch_all","info","autorijschoolthomas.nl","","","","False","true","smtp.rzone.de","","","","","",""
"Autorijschool Çakmak","654691861","info@cakmak.nl","http://www.cakmak.nl/","do_not_mail","role_based_catch_all","info","cakmak.nl","","","","False","true","mail.cakmak.nl","","","","","",""
"AutoXact","023 565 20 05","info@autoxact.nl","None","do_not_mail","role_based","info","autoxact.nl","","","","False","true","mx01.provider.nl","","","","","",""
"Carlo's Autorijschool","023 539 36 54","info@carlosautorijschool.nl","None","do_not_mail","role_based","info","carlosautorijschool.nl","","","","False","true","mail.carlosautorijschool.nl","","","","","",""
"Mercurius","023 535 86 43","info@rijschool-mercurius.nl","None","do_not_mail","role_based","info","rijschool-mercurius.nl","","","","False","true","mail.rijschool-mercurius.nl","","","","","",""
"Rij(Be)Wijs","023 5272247","info@rij-be-wijs.nl","http://www.rij-be-wijs.nl/","do_not_mail","role_based","info","rij-be-wijs.nl","","","","False","true","mx2.pub.mailpod11-cph3.one.com","","","","","",""
"Rijschool De Meerse","0614 47 63 99","info@rijschooldemeerse.nl","None","do_not_mail","role_based","info","rijschooldemeerse.nl","","","","False","true","mx.spamexperts.com","spamexperts","","","","",""
"Rijschool G vd Kamp","023 563 10 38","info@gvdkamp.nl","http://www.autorijschoolgvdkamp.nl/","do_not_mail","role_based_catch_all","info","gvdkamp.nl","","","","False","true","gvdkamp-nl.mail.protection.outlook.com","microsoft","","","","",""
"Rijschool Kennemerland","023 538 44 42","info@rijschoolkennemerland.nl","http://www.rijschoolkennemerland.nl/","do_not_mail","role_based","info","rijschoolkennemerland.nl","","","","False","true","mx.spamexperts.com","spamexperts","","","","",""
"Rijschool Randweg","0236 200 111","info@rijschoolrandweg.nl","http://www.rijschoolrandweg.nl/","do_not_mail","role_based_catch_all","info","rijschoolrandweg.nl","","","","False","true","rijschoolrandweg-nl.mail.protection.outlook.com","microsoft","","","","",""
"VDS autorijschool","0235581009","info@vdsautorijschool.nl","None","do_not_mail","role_based","info","vdsautorijschool.nl","","","","False","true","mx4.mailpod13-cph3.g1i.hostnet.nl","","","","","",""
"Verkeersschool Brinkman","023 537 89 30","info@verkeersschoolbrinkman.nl","http://www.verkeersschoolbrinkman.nl/","do_not_mail","role_based","info","verkeersschoolbrinkman.nl","","","","False","true","mxprimary.spamfilterserver.com","","","","","",""
"Verkeersschool Rittenburg","None","info@rittenburg.nl","http://www.rittenburg.nl/","do_not_mail","role_based","info","rittenburg.nl","","","","False","true","aspmx.l.google.com","g-suite","","","","",""
"Verkeersschool Weijers","023 547 63 33","info@verkeersschoolweijers.nl","http://www.verkeersschoolweijers.nl/","do_not_mail","role_based","info","verkeersschoolweijers.nl","","","","False","true","mail.millerdigital.nl","","","","","",""
"VVZ Rijopleiding","023  844 38 58","info@vvzrijopleiding.nl","http://www.vvzrijopleiding.nl/","do_not_mail","role_based","info","vvzrijopleiding.nl","","","","False","true","mail.vvzrijopleiding.nl","","","","","",""
"Exact Rijopleidingen","None","info@rijschoolexact.nl","http://www.rijschoolexact.nl/","do_not_mail","role_based_catch_all","info","rijschoolexact.nl","","","","False","true","rijschoolexact-nl.mail.protection.outlook.com","microsoft","","","","",""
"RijschoolFLX","0485 80 01 25","info@rijschoolflx.nl","http://www.rijschoolflx.nl/","do_not_mail","role_based","info","rijschoolflx.nl","","","","False","true","mail.rijschoolflx.nl","","","","","",""
"Verkeersschool Beumers","0485 34 16 67","info@verkeersschoolbeumers.nl","http://www.verkeersschoolbeumers.nl/","do_not_mail","role_based","info","verkeersschoolbeumers.nl","","","","False","true","mx3.vevida.com","","","","","",""
"Liketodrive.nl","525684021","info@liketodrive.nl","None","do_not_mail","role_based","info","liketodrive.nl","","","","False","true","mx1.webhost.company","","","","","",""
"RijschoolTom.com","075 642 69 86","info@rijschooltom.com","http://www.rijschooltom.com/","do_not_mail","role_based_catch_all","info","rijschooltom.com","","","","False","true","smtpin.rzone.de","","","","","",""
"Verkeersschool Pieffers","0566 62 27 87","info@pieffersgrou.nl","None","do_not_mail","role_based","info","pieffersgrou.nl","","","","False","true","mail.pieffersgrou.nl","","","","","",""
"Albert de Boer","0511 47 31 38","info@albertdeboer.nl","None","do_not_mail","role_based","info","albertdeboer.nl","","","","False","true","mail.albertdeboer.nl","","","","","",""
"Autorijschool Anna","0515469933","info@autorijschoolanna.nl","None","do_not_mail","role_based","info","autorijschoolanna.nl","","","","False","true","mx1.mailpod13-cph3.g1i.hostnet.nl","","","","","",""
"Autorijschool De Jong","0515 57 71 32","info@dejongverkeersopleidingen.nl","http://www.dejongverkeersopleidingen.nl/","do_not_mail","role_based","info","dejongverkeersopleidingen.nl","","","","False","true","mx1.active24.com","","","","","",""
"Autorijschool H. Boes","06 51 84 56 34","info@autorijschoolhboes.nl","None","do_not_mail","role_based","info","autorijschoolhboes.nl","","","","False","true","mx1.savvii.email","","","","","",""
"Autorijschool Harry van der Meer","058 288 71 27","info@hvdmeer.nl","None","do_not_mail","role_based","info","hvdmeer.nl","","","","False","true","mx1.mijn.host","","","","","",""
"Autorijschool Iselmar","0515 23 25 83","info@rijschooliselmar.nl","None","do_not_mail","role_based","info","rijschooliselmar.nl","","","","False","true","mail.rijschooliselmar.nl","","","","","",""
"Autorijschool Isidora","None","info@rijschoolisidora.nl","None","do_not_mail","role_based","info","rijschoolisidora.nl","","","","False","true","aspmx.l.google.com","g-suite","","","","",""
"Autorijschool Marinus Terpstra","058 255 33 10","info@marinusterpstra.nl","http://www.marinusterpstra.nl/","do_not_mail","role_based","info","marinusterpstra.nl","","","","False","true","mx1.mijn.host","","","","","",""
"Autorijschool NW Friesland","0517 39 53 97","info@autorijschoolnwfriesland.nl","http://www.autorijschoolnwfriesland.nl/","do_not_mail","role_based","info","autorijschoolnwfriesland.nl","","","","False","true","mx10.onlinemailscanner.com","","","","","",""
"Autorijschool Saturnus","06 24 19 22 17","info@rijschoolsaturnus.nl","http://www.rijschoolsaturnus.nl/","do_not_mail","role_based_catch_all","info","rijschoolsaturnus.nl","","","","False","true","rijschoolsaturnus.nl","","","","","",""
"Autorijschool Storm","058 280 16 94","info@autorijschoolstorm.nl","http://autorijschoolstorm.nl/","do_not_mail","role_based_catch_all","info","autorijschoolstorm.nl","","","","False","true","mx1.mijndomein.nl","","","","","",""
"De Rijopleiding.nl","None","info@derijopleiding.nl","None","do_not_mail","role_based","info","derijopleiding.nl","","","","False","true","mail.derijopleiding.nl","","","","","",""
"Dinkla Verkeersopleidingen B.V.","0514 60 33 81","info@dinkla-balk.nl","http://www.dinkla-balk.nl/","do_not_mail","role_based","info","dinkla-balk.nl","","","","False","true","dinklabalk-nl01e.mail.protection.outlook.com","microsoft","","","","",""
"Leenstra Autorijschool","0514 59 19 96","info@leenstra-autorijschool.nl","None","do_not_mail","role_based","info","leenstra-autorijschool.nl","","","","False","true","mx1.mijndomein.nl","","","","","",""
"Rijschool Bert de Vries","0512 47 14 29","info@rijschoolbertdevries.nl","None","do_not_mail","role_based_catch_all","info","rijschoolbertdevries.nl","","","","False","true","mx1.mijndomein.nl","","","","","",""
"Rijschool Gorredijk","0513 465 124","info@rijschoolgorredijk.nl","None","do_not_mail","role_based_catch_all","info","rijschoolgorredijk.nl","","","","False","true","mail.rijschoolgorredijk.nl","","","","","",""
"Rijschool Klaas Braad","None","info@rijschoolklaasbraad.nl","None","do_not_mail","role_based","info","rijschoolklaasbraad.nl","","","","False","true","mx3.mailpod13-cph3.g1i.hostnet.nl","","","","","",""
"Rijschool MIENSTRA.nl","0561 49 92 86","info@rijschool-wolvega.nl","http://www.rijschool-wolvega.nl/","do_not_mail","role_based_catch_all","info","rijschool-wolvega.nl","","","","False","true","mx.transip.email","","","","","",""
"Rijschool Mullender","0519 29 35 32","info@rijschoolmullender.nl","None","do_not_mail","role_based","info","rijschoolmullender.nl","","","","False","true","alt2.aspmx.l.google.com","g-suite","","","","",""
"Rijschool Schrage","0657377726","info@rijschoolschrage.nl","None","do_not_mail","role_based","info","rijschoolschrage.nl","","","","False","true","mx1.mijndomein.nl","","","","","",""
"Rijschool Trienco","06 21 53 28 01","info@rijschooltrienco.nl","https://www.rijschooltrienco.nl/","do_not_mail","role_based","info","rijschooltrienco.nl","","","","False","true","mail.rijschooltrienco.nl","","","","","",""
"Rijschool UnieQ","0511 44 77 22","info@rijschoolunieq.nl","http://www.rijschoolunieq.nl/","do_not_mail","role_based","info","rijschoolunieq.nl","","","","False","true","mx1.mail-scanner.eu","","","","","",""
"Rijschool van Dam","0512 38 08 58","info@rijschoolvandam.nl","http://www.rijschoolvandam.nl/","do_not_mail","role_based","info","rijschoolvandam.nl","","","","False","true","rijschoolvandam.nl","","","","","",""
"rijschoolbosma","0515 57 28 38","info@rijschoolbosma.nl","None","do_not_mail","role_based_catch_all","info","rijschoolbosma.nl","","","","False","true","spamrelay.zxcs.nl","","","","","",""
"Verkeersschool ALERT","06 53 77 20 91","info@rijschoolalert.nl","http://www.rijschoolalert.nl/","do_not_mail","role_based","info","rijschoolalert.nl","","","","False","true","mx.mijnspamfilter.nl","","","","","",""
"Verkeersschool De Bos","0514 56 33 85","info@hdebos.nl","None","do_not_mail","role_based","info","hdebos.nl","","","","False","true","mail.kras-it.nl","","","","","",""
"Verkeersschool Henk De Vries","0561 61 16 71","info@henkdevries.nl","http://www.henkdevries.nl/","do_not_mail","role_based","info","henkdevries.nl","","","","False","true","smtp.rzone.de","","","","","",""
"Verkeersschool Hielkema B.V.","0513 62 42 04","info@hielkema-verkeersschool.nl","http://www.hielkema-verkeersschool.nl/","do_not_mail","role_based_catch_all","info","hielkema-verkeersschool.nl","","","","False","true","mail.hielkema-verkeersschool.nl","","","","","",""
"Verkeersschool Koopstra B.V.","None","info@verkeersschoolkoopstra.nl","None","do_not_mail","role_based_catch_all","info","verkeersschoolkoopstra.nl","","","","False","true","verkeersschoolkoopstra-nl.mail.protection.outlook.com","microsoft","","","","",""
"Verkeersschool Sijtsma","058 213 99 33","info@verkeersschool-sijtsma.nl","http://www.verkeersschool-sijtsma.nl/","do_not_mail","role_based","info","verkeersschool-sijtsma.nl","","","","False","true","mail1.d-server.nl","","","","","",""
"Verkeersschool Tilstra B.V.","None","info@tilstra.nl","http://www.tilstra.nl/","do_not_mail","role_based_catch_all","info","tilstra.nl","","","","False","true","tilstra-nl.mail.protection.outlook.com","microsoft","","","","",""
"Verkeersschool Valkema","0513 41 29 64","info@verkeersschoolvalkema.nl","http://www.verkeersschoolvalkema.nl/","do_not_mail","role_based","info","verkeersschoolvalkema.nl","","","","False","true","mail.verkeersschoolvalkema.nl","","","","","",""
"Autorijschool Witbreuk","074 357 57 88","info@autorijschoolwitbreuk.nl","http://www.autorijschoolwitbreuk.nl/","do_not_mail","role_based","info","autorijschoolwitbreuk.nl","","","","False","true","autorijschoolwitbreuk-nl.mail.protection.outlook.com","microsoft","","","","",""
"Auto- en Motorrijschool Ted","010 479 08 57","info@rijschoolted.nl","None","do_not_mail","role_based","info","rijschoolted.nl","","","","False","true","rijschoolted.nl","","","","","",""
"Autorijschool R. Jeekel","078 615 50 57","info@autorijschool-jeekel.nl","http://www.autorijschool-jeekel.nl/","do_not_mail","role_based","info","autorijschool-jeekel.nl","","","","False","true","autorijschool-jeekel.nl","","","","","",""
"Autorijschool Adios en Autoverhuur","06 23 20 87 77","info@autorijschooladios.nl","http://www.autorijschooladios.nl/","do_not_mail","role_based_catch_all","info","autorijschooladios.nl","","","","False","true","mx11.hostingdiscounter.nl","","","","","",""
"Autorijschool City Motion","0104472935","info@citymotion.com","None","do_not_mail","role_based","info","citymotion.com","","","","False","false","","","","","","",""
"Autorijschool De Munck","078 619 60 63","info@autorijschooldemunck.nl","http://www.autorijschooldemunck.nl/","do_not_mail","role_based_catch_all","info","autorijschooldemunck.nl","","","","False","true","autorijschooldemunck-nl.mail.protection.outlook.com","microsoft","","","","",""
"Autorijschool G.C. Doek","078 676 53 89","info@gertdoek.nl","https://www.gertdoek.nl/","do_not_mail","role_based","info","gertdoek.nl","","","","False","true","mail.gertdoek.nl","","","","","",""
"Autorijschool Leen Kant","078 619 45 53","info@leenkant.nl","http://www.leenkant.nl/","do_not_mail","role_based","info","leenkant.nl","","","","False","true","mailin1.leenkant.nl","","","","","",""
"Autorijschool Marco van Die","0186 69 39 57","info@autorijschoolmarcovandie.nl","None","do_not_mail","role_based","info","autorijschoolmarcovandie.nl","","","","False","true","mail.autorijschoolmarcovandie.nl","","","","","",""
"Autorijschool Martin Veenstra","010 276 00 98","info@autorijschoolmartinveenstra.nl","None","do_not_mail","role_based","info","autorijschoolmartinveenstra.nl","","","","False","true","mail.jouwweb.nl","","","","","",""
"Autorijschool Mohammed Ashrafi","010 485 21 01","info@mohammedashrafi.nl","None","do_not_mail","role_based","info","mohammedashrafi.nl","","","","False","true","mx-in-3.webreus.nl","","","","","",""
"Autorijschool Monique Stam","None","info@autorijschoolmonique.nl","http://www.autorijschoolmonique.nl/","do_not_mail","role_based","info","autorijschoolmonique.nl","","","","False","true","hubo.avant.nl","","","","","",""
"Autorijschool Odette","None","info@autorijschoolodette.nl","http://www.autorijschool-odette.nl/","do_not_mail","role_based","info","autorijschoolodette.nl","","","","False","true","mail.jouwweb.nl","","","","","",""
"Autorijschool Otto V.O.F.","078 681 23 02","info@autorijschoolotto.nl","http://www.autorijschoolotto.nl/","do_not_mail","role_based","info","autorijschoolotto.nl","","","","False","true","autorijschoolotto-nl.mail.protection.outlook.com","microsoft","","","","",""
"Autorijschool P.H. van der Zwart","0186 57 44 16","mail@autorijschoolvanderzwart.nl","http://www.autorijschoolvanderzwart.nl/","do_not_mail","role_based_catch_all","mail","autorijschoolvanderzwart.nl","","","","False","true","mx.simply.com","","","","","",""
"Autorijschool Peter","06 51 57 96 69","info@autorijschoolpeter.nl","http://www.autorijschoolpeter.nl/","do_not_mail","role_based","info","autorijschoolpeter.nl","","","","False","true","mx1.hostinger.com","hostinger","","","","",""
"Autorijschool Simpa","None","info@autorijschool-simpa.nl","http://www.autorijschool-simpa.nl/","do_not_mail","role_based","info","autorijschool-simpa.nl","","","","False","true","mx2.mailpod13-cph3.g1i.hostnet.nl","","","","","",""
"Autorijschool Theo Xanthopoulos","None","info@autorijschoolxanthopoulos.nl","http://www.autorijschoolxanthopoulos.nl/","do_not_mail","role_based","info","autorijschoolxanthopoulos.nl","","","","False","true","mail.autorijschoolxanthopoulos.nl","","","","","",""
"B&M Verkeersbegeleidingen B.V.","078 8907850","info@bmverkeersbegeleidingen.nl","None","do_not_mail","role_based","info","bmverkeersbegeleidingen.nl","","","","False","true","bmverkeersbegeleidingen-nl.mail.protection.outlook.com","microsoft","","","","",""
"Beterles.nl B.V.","06 38 22 68 72","info@beterles.nl","None","do_not_mail","role_based","info","beterles.nl","","","","False","true","aspmx.l.google.com","g-suite","","","","",""
"Blad Rijopleidingen","None","info@rijschoolblad.nl","https://www.rijschoolblad.nl/","do_not_mail","role_based","info","rijschoolblad.nl","","","","False","true","aspmx.l.google.com","g-suite","","","","",""
"Cum Laude","None","info@cumlaude.nl","http://www.cumlaude.nl/","do_not_mail","role_based","info","cumlaude.nl","","","","False","true","mail.cumlaude.nl","","","","","",""
"De Rijscholen Concurrent","010 437 25 77","info@derijscholenconcurrent.nl","http://www.derijscholenconcurrent.nl/","do_not_mail","role_based_catch_all","info","derijscholenconcurrent.nl","","","","False","true","mx2.vevida.com","","","","","",""
"Rij-Safe","078 842 10 78","info@rij-safe.nl","None","do_not_mail","role_based","info","rij-safe.nl","","","","False","true","mail.rij-safe.nl","","","","","",""
"Rijopleiding Johan Vd Horst","611479720","info@johanvanderhorst.nl","http://www.johanvanderhorst.nl/","do_not_mail","role_based","info","johanvanderhorst.nl","","","","False","true","primary.yourfilter.nl","","","","","",""
"Rijschool 010 Rijbewijs","0641774557","info@010rijbewijs.nl","None","do_not_mail","role_based","info","010rijbewijs.nl","","","","False","true","aspmx.l.google.com","g-suite","","","","",""
"Rijschool Ad van der Vlist","078 691 40 14","Info@rijschooladvandervlist.nl","http://www.rijschooladvandervlist.nl/","do_not_mail","role_based_catch_all","info","rijschooladvandervlist.nl","","","","False","true","mx1.mijndomein.nl","","","","","",""
"Rijschool Da Vinci","078 635 66 30","info@rijschooldavinci.nl","http://www.rijschooldavinci.nl/","do_not_mail","role_based","info","rijschooldavinci.nl","","","","False","true","mail.rijschooldavinci.nl","","","","","",""
"Rijschool de Schakel","None","Info@Rijschool-deSchakel.nl","http://www.rijschool-deschakel.nl/","do_not_mail","role_based","info","rijschool-deschakel.nl","","","","False","true","mail.rijschool-deschakel.nl","","","","","",""
"Rijschool Lago","0180 62 64 34","info@rijschoollago.nl","None","do_not_mail","role_based","info","rijschoollago.nl","","","","False","true","rijschoollago.nl","","","","","",""
"Rijschool LISTO","None","info@rijschoollisto.nl","http://www.https//www.rijschoollisto.nl/","do_not_mail","role_based","info","rijschoollisto.nl","","","","False","true","mx10.antispam.mailspamprotection.com","siteground","","","","",""
"Rijschool René Beumer","None","info@renebeumer.nl","http://www.renebeumer.nl/","do_not_mail","role_based","info","renebeumer.nl","","","","False","true","smtp.rzone.de","","","","","",""
"Ronald Verkeersopleidingen B.V.","None","info@ronald.nu","http://www.ronald.nu/","do_not_mail","role_based_catch_all","info","ronald.nu","","","","False","true","mx1.helloc.nl","","","","","",""
"UNA Rijvaardig","078 684 08 70","info@unarijvaardig.nl","http://www.unarijvaardig.nl/","do_not_mail","role_based","info","unarijvaardig.nl","","","","False","true","mx01.provider.nl","","","","","",""
"V.O.F. Algemeen Verkeersopleidingscentrum Drechtstreeks","078 614 32 56","info@drechtstreeks.nl","http://www.drechtstreeks.nl/","do_not_mail","role_based_catch_all","info","drechtstreeks.nl","","","","False","true","mx.sohosted.com","","","","","",""
"Verkeersschool Avanti","010 467 38 20","info@avantirijschool.nl","http://www.avantirijschool.nl/","do_not_mail","role_based_catch_all","info","avantirijschool.nl","","","","False","true","alt1.aspmx.l.google.com","g-suite","","","","",""
"Verkeersschool Koos van der Bilt","010 238 34 44","info@koosvanderbilt.nl","http://www.koosvanderbilt.nl/","do_not_mail","role_based","info","koosvanderbilt.nl","","","","False","true","koosvanderbilt-nl.mail.protection.outlook.com","microsoft","","","","",""
"Verkeersschool Peter Brugge","0180 55 78 81","info@verkeersschoolpeterbrugge.nl","http://www.verkeersschoolpeterbrugge.nl/","do_not_mail","role_based","info","verkeersschoolpeterbrugge.nl","","","","False","true","neptune.misterdot.email","","","","","",""
"VERKEERSSCHOOL PIET DUBBELDAM B.V.","0180 61 31 09","info@dubbeldam.nu","http://www.dubbeldam.nu/","do_not_mail","role_based_catch_all","info","dubbeldam.nu","","","","False","true","dubbeldam-nu.mail.protection.outlook.com","microsoft","","","","",""
"Verkeersschool Rules","078 750 85 53","info@verkeersschoolrules.nl","http://www.verkeersschoolrules.nl/","do_not_mail","role_based","info","verkeersschoolrules.nl","","","","False","true","mail.verkeersschoolrules.nl","","","","","",""
"Verkeersschool Sturm t.h.o.d.n. Nederveen","078 610 17 97","info@verkeersschool-sturm.nl","None","do_not_mail","role_based_catch_all","info","verkeersschool-sturm.nl","","","","False","true","mx1.mijndomein.nl","","","","","",""
"Verkeersschool Vrijenburg","0180 853418","info@verkeersschoolvrijenburg.nl","http://www.verkeersschoolvrijenburg.nl/","do_not_mail","role_based_catch_all","info","verkeersschoolvrijenburg.nl","","","","False","true","verkeersschoolvrijenburg-nl.mail.protection.outlook.com","microsoft","","","","",""
"Verkeersschool Wierks B.V.","None","info@wierks.nl","http://www.wierks.nl/","do_not_mail","role_based","info","wierks.nl","","","","False","true","wierks-nl.mail.protection.outlook.com","microsoft","","","","",""
"Auto- En Motorrijschool Argus","0511 42 24 88","info@rijschool-argus.nl","http://rijschool-argus.nl/","do_not_mail","role_based_catch_all","info","rijschool-argus.nl","","","","False","true","mail.rijschool-argus.nl","","","","","",""
"Auto- en Motorrijschool Herman Beek","0511 46 51 35","info@hermanbeek.nl","None","do_not_mail","role_based","info","hermanbeek.nl","","","","False","true","hermanbeek-nl.mail.protection.outlook.com","microsoft","","","","",""
"Autorijschool Bianca de Bruin","0512 36 21 31","info@geertdebruin.nl","http://www.geertdebruin.nl/","do_not_mail","role_based","info","geertdebruin.nl","","","","False","true","mx1.mijn.host","","","","","",""
"Autorijschool Gerrie de Vries","0511476324","info@rijschoolgerriedevries.nl","http://www.rijschoolgerriedevries.nl/","do_not_mail","role_based","info","rijschoolgerriedevries.nl","","","","False","true","mail.rijschoolgerriedevries.nl","","","","","",""
"Autorijschool J.S. de Boer","06 53 86 61 32","info@jsdeboer.nl","http://www.jsdeboer.nl/","do_not_mail","role_based","info","jsdeboer.nl","","","","False","true","mail.jsdeboer.nl","","","","","",""
"Autorijschool Lana","582803880","info@rijschoollana.nl","http://www.rijschoollana.nl/","do_not_mail","role_based_catch_all","info","rijschoollana.nl","","","","False","true","mx1-mailguard.bpweb.net","","","","","",""
"Autorijschool New York","06 194 872 69","info@autorijschoolnewyork.nl","http://www.autorijschoolnewyork.nl/","do_not_mail","role_based","info","autorijschoolnewyork.nl","","","","False","true","mailfilter.hostnet.nl","","","","","",""
"Autorijschool R. Kort","None","info@autorijschoolkort.nl","http://www.autorijschoolkort.nl/","do_not_mail","role_based_catch_all","info","autorijschoolkort.nl","","","","False","true","mx.sohosted.com","","","","","",""
"Autorijschool van der Ploeg","0519220555","info@autorijschoolharryvanderploeg.nl","None","do_not_mail","role_based","info","autorijschoolharryvanderploeg.nl","","","","False","true","mx.spamexperts.com","spamexperts","","","","",""
"Autorijschool Vlietstra","058 267 33 02","info@autorijschool-Vlietstra.nl","http://www.autorijschool-vlietstra.nl/","do_not_mail","role_based_catch_all","info","autorijschool-vlietstra.nl","","","","False","true","nso-mx1.titanhq.com","","","","","",""
"Meinema Rijopleiding","0519 72 05 31","Info@meinemarijopleiding.nl","http://www.meinemarijopleiding.nl/","do_not_mail","role_based","info","meinemarijopleiding.nl","","","","False","true","smtp.rzone.de","","","","","",""
"Noordelijke Verkeersschool / Gerard","058 215 77 78","info@motorinstructie.com","None","do_not_mail","role_based","info","motorinstructie.com","","","","False","true","mail.motorinstructie.com","","","","","",""
"Rijschool Bakker","058 280 06 25","info@rijschool-bakker.nl","https://www.rijschool-bakker.nl/","do_not_mail","role_based","info","rijschool-bakker.nl","","","","False","true","mx1.mijndomein.nl","","","","","",""
"Rijschool Eric van der Veen","0518 43 12 74","info@ericvanderveen.nl","http://www.ericvanderveen.nl/","do_not_mail","role_based","info","ericvanderveen.nl","","","","False","true","mail.ericvanderveen.nl","","","","","",""
"Rijschool Joeri","06 54 96 88 04","info@rijschooljoeri.nl","https://rijschooljoeri.nl/","do_not_mail","role_based","info","rijschooljoeri.nl","","","","False","true","mx10.antispam.mailspamprotection.com","siteground","","","","",""
"Rijschool Joël","0511 42 42 88","info@rijschooljoel.nl","http://www.rijschooljoel.nl/","do_not_mail","role_based","info","rijschooljoel.nl","","","","False","true","mail.rijschooljoel.nl","","","","","",""
"Rijschool Koop Woldendorp","05174 149 19","contact@koopwoldendorp.nl","None","do_not_mail","role_based","contact","koopwoldendorp.nl","","","","False","true","koopwoldendorp-nl.mail.protection.outlook.com","microsoft","","","","",""
"Rijschool T.Wienia","None","info@rijschooltwienia.nl","None","do_not_mail","role_based","info","rijschooltwienia.nl","","","","False","true","mail.jouwweb.nl","","","","","",""
"Rijschool ten Tuynte","0518452442","info@tentuynte.nl","http://www.tentuynte.nl/","do_not_mail","role_based_catch_all","info","tentuynte.nl","","","","False","true","mail.tentuynte.nl","","","","","",""
"Verkeersschool Dineke Huttema","0511 45 28 62","info@verkeersschooldinekehuttema.nl","None","do_not_mail","role_based","info","verkeersschooldinekehuttema.nl","","","","False","true","mail.verkeersschooldinekehuttema.nl","","","","","",""
"Verkeersschool Sjoerd Claus","058 267 60 75","info@verkeersschool-sjoerdclaus.nl","http://www.verkeersschool-sjoerdclaus.nl/","do_not_mail","role_based","info","verkeersschool-sjoerdclaus.nl","","","","False","false","","","","","","",""
"Auto- & Motorrijschool Signaal","073 657 01 59","info@rijschoolsignaal.nl","http://www.rijschoolsignaal.nl/","do_not_mail","role_based","info","rijschoolsignaal.nl","","","","False","true","mailin1.rijschoolsignaal.nl","","","","","",""
"Auto- en Motorrijschool Maas","0413 35 20 52","info@rijschoolmaas.nl","http://www.rijschoolmaas.nl/","do_not_mail","role_based","info","rijschoolmaas.nl","","","","False","true","mail01.tkservers.com","","","","","",""
"Autorijschool Amir","073 6111535","info@autorijschoolamir.nl","http://www.autorijschoolamir.nl/","do_not_mail","mx_forward","info","autorijschoolamir.nl","","","","False","true","route3.mx.cloudflare.net","cloudflare","","","","",""
"Autorijschool Boone","073 503 41 82","info@autorijschool-boone.nl","http://www.autorijschool-boone.nl/","do_not_mail","role_based","info","autorijschool-boone.nl","","","","False","true","mail.autorijschool-boone.nl","","","","","",""
"Autorijschool Coenen","073 648 02 84","info@autorijschoolcoenen.nl","http://www.autorijschoolcoenen.nl/","do_not_mail","role_based","info","autorijschoolcoenen.nl","","","","False","true","mailfilter01.myrootnet.nl","","","","","",""
"Autorijschool de Gier","073 657 01 84","info@autorijschooldegier.nl","http://www.autorijschooldegier.nl/","do_not_mail","role_based","info","autorijschooldegier.nl","","","","False","true","mx.sohosted.com","","","","","",""
"Autorijschool E. van Weert","0735323952","info@autorijschoolevanweert.nl","None","do_not_mail","role_based","info","autorijschoolevanweert.nl","","","","False","true","primary.yourfilter.nl","","","","","",""
"Autorijschool Frits Van Zelst","0416 27 22 75","info@fritsvanzelst.nl","http://www.fritsvanzelst.nl/","do_not_mail","role_based_catch_all","info","fritsvanzelst.nl","","","","False","true","fritsvanzelst-nl.mail.protection.outlook.com","microsoft","","","","",""
"Autorijschool H. Fitters","0416 37 73 29","info@fitters.nl","None","do_not_mail","role_based","info","fitters.nl","","","","False","true","mx1.pub.mailpod8-cph3.one.com","","","","","",""
"Autorijschool Marcel van den Heuvel","073 521 03 07","info@autorijschoolmarcelvandenheuvel.nl","None","do_not_mail","role_based","info","autorijschoolmarcelvandenheuvel.nl","","","","False","true","mx1.mijndomein.nl","","","","","",""
"Autorijschool Peter Degen","0412785196","info@autorijschoolpeterdegen.nl","http://www.autorijschoolpeterdegen.nl/","do_not_mail","role_based","info","autorijschoolpeterdegen.nl","","","","False","true","mail.jouwweb.nl","","","","","",""
"Autorijschool S. Mulders","0412 47 98 83","info@autorijschoolmulders.nl","None","do_not_mail","role_based","info","autorijschoolmulders.nl","","","","False","true","plesk1.duocast.net","","","","","",""
"Autorijschool Terek","073 549 27 06","info@autorijschoolterek.nl","None","do_not_mail","role_based","info","autorijschoolterek.nl","","","","False","true","spamfw.mailport.nl","","","","","",""
"Autorijschool Theuns","0411 67 46 08","info@autorijschooltheuns.nl","http://www.autorijschooltheuns.nl/","do_not_mail","role_based","info","autorijschooltheuns.nl","","","","False","true","mail.autorijschooltheuns.nl","","","","","",""
"Autorijschool Waalwijk","06 48 26 75 77","info@autorijschool-waalwijk.nl","None","do_not_mail","role_based","info","autorijschool-waalwijk.nl","","","","False","true","mx.spamexperts.com","spamexperts","","","","",""
"Autorijschool Wakelkamp","0413 34 04 13","info@autorijschoolwakelkamp.nl","None","do_not_mail","role_based","info","autorijschoolwakelkamp.nl","","","","False","true","mail.autorijschoolwakelkamp.nl","","","","","",""
"Avantage","None","info@autorijschoolavantage.nl","http://www.autorijschoolavantage.nl/","do_not_mail","role_based","info","autorijschoolavantage.nl","","","","False","true","smtp.rzone.de","","","","","",""
"Bax Opleidingen","None","info@baxopleidingen.nl","https://www.baxopleidingen.nl/","do_not_mail","role_based","info","baxopleidingen.nl","","","","False","true","baxopleidingen-nl.mail.protection.outlook.com","microsoft","","","","",""
"Fa. van Der Doelen","None","info@favanderdoelen.nl","http://www.favanderdoelen.nl/","do_not_mail","role_based_catch_all","info","favanderdoelen.nl","","","","False","true","favanderdoelen-nl.mail.protection.outlook.com","microsoft","","","","",""
"Haarsteegse Autorijschool","073 511 60 16","info@ceesdevaan.nl","None","do_not_mail","role_based_catch_all","info","ceesdevaan.nl","","","","False","true","mail.ceesdevaan.nl","","","","","",""
"Kees de Vaan opleidingen B.V.","None","info@keesdevaan.nl","http://www.keesdevaan.nl/","do_not_mail","role_based","info","keesdevaan.nl","","","","False","true","keesdevaan-nl.mail.protection.outlook.com","microsoft","","","","",""
"Palmyra Rijschool","None","info@palmyra-rijschool.com","None","do_not_mail","role_based","info","palmyra-rijschool.com","","","","False","true","mail.jouwweb.nl","","","","","",""
"Praktijk voor Verkeerseducatie","013 750 53 35","info@praktijk-verkeerseducatie.nl","http://www.praktijk-verkeerseducatie.nl/","do_not_mail","role_based","info","praktijk-verkeerseducatie.nl","","","","False","true","primary.yourfilter.nl","","","","","",""
"Rijopleiding Rosmalen","073 513 0190","info@rijopleidingrosmalen.nl","None","do_not_mail","role_based","info","rijopleidingrosmalen.nl","","","","False","true","rijopleidingrosmalen.nl","","","","","",""
"Rijschool Celesta","0413 28 04 95","info@rijschoolcelesta.nl","None","do_not_mail","role_based","info","rijschoolcelesta.nl","","","","False","true","mx.transip.email","","","","","",""
"Rijschool De Draak","0629805240","info@rijschooldedraak.nl","https://www.rijschooldedraak.nl/","do_not_mail","role_based","info","rijschooldedraak.nl","","","","False","true","smtpin.rzone.de","","","","","",""
"Rijschool Guido","073 511 89 97","info@rijschoolguido.nl","https://rijschoolguido.nl/","do_not_mail","role_based_catch_all","info","rijschoolguido.nl","","","","False","true","mx.mailprotect.be","","","","","",""
"Rijschool Jan Dekkers","073 599 10 86","info@jdekkers.nl","http://www.jdekkers.nl/","do_not_mail","role_based","info","jdekkers.nl","","","","False","true","mxs10.esmero.nl","","","","","",""
"Rijschool Seen","073 2032683","info@seen.nu","https://seen.nu/","do_not_mail","role_based_catch_all","info","seen.nu","","","","False","true","mx1.mijndomein.nl","","","","","",""
"Rijschool Steenbakkers","0411 67 88 72","info@rijschoolsteenbakkers.nl","http://www.rijschoolsteenbakkers.nl/","do_not_mail","role_based","info","rijschoolsteenbakkers.nl","","","","False","true","mx.xobit.nl","","","","","",""
"Rijschool Van Zuylen","None","info@rijschoolvanzuylen.nl","http://www.rijschoolvanzuylen.nl/","do_not_mail","role_based","info","rijschoolvanzuylen.nl","","","","False","true","rijschoolvanzuylen-nl.mail.protection.outlook.com","microsoft","","","","",""
"Verkeers- en Chauffeursvakschool Nooijen V.O.F.","None","info@rijschool-nooijen.nl","http://www.rijschool-nooijen.nl/","do_not_mail","role_based","info","rijschool-nooijen.nl","","","","False","true","rijschool-nooijen.nl","","","","","",""
"Verkeersschool Bakker V.O.F.","073 888 99 00","info@verkeersschool-bakker.nl","http://www.verkeersschool-bakker.nl/","do_not_mail","role_based_catch_all","info","verkeersschool-bakker.nl","","","","False","true","verkeersschoolbakker-nl03e.mail.protection.outlook.com","microsoft","","","","",""
"Verkeersschool Kees van Iersel B.V.","None","info@iersel.nl","http://www.iersel.nl/","do_not_mail","role_based","info","iersel.nl","","","","False","true","iersel-nl.mail.protection.outlook.com","microsoft","","","","",""
"Autorijschool Ilonka Van Perlo","None","info@ilonkavanperlo.nl","None","do_not_mail","role_based_catch_all","info","ilonkavanperlo.nl","","","","False","true","mx.transip.email","","","","","",""
"Autorijschool Klaas van Proosdij","0575 541 935","info@autorijschool-klaasvanproosdij.nl","None","do_not_mail","role_based","info","autorijschool-klaasvanproosdij.nl","","","","False","true","mail.autorijschool-klaasvanproosdij.nl","","","","","",""
"No Risk Rijopleiding Deventer","0626787373","info@rijschoolnorisk.nl","https://rijschoolnorisk.nl/","do_not_mail","role_based_catch_all","info","rijschoolnorisk.nl","","","","False","true","smtp.rzone.de","","","","","",""
"Postma Rijopleidingen B.V.","0570 60 77 33","info@postmarijopleidingen.nl","http://www.postmarijopleidingen.nl/","do_not_mail","role_based","info","postmarijopleidingen.nl","","","","False","true","mx4.mailpod13-cph3.g1i.hostnet.nl","","","","","",""
"Rijschool Elles","057 076 91 47","info@rijschoolelles.nl","None","do_not_mail","role_based_catch_all","info","rijschoolelles.nl","","","","False","true","spamrelay.zxcs.nl","","","","","",""
"Rijschool Hofstede","0572 35 17 26","info@rijschoolhofstede.nl","http://www.rijschoolhofstede.nl/","do_not_mail","role_based","info","rijschoolhofstede.nl","","","","False","true","rijschoolhofstede.nl","","","","","",""
"Rijschool Nazar","None","info@rijschoolnazar.nl","None","do_not_mail","role_based","info","rijschoolnazar.nl","","","","False","true","rijschoolnazar.nl","","","","","",""
"Rijschool Rensink","06 46 42 64 29","info@rijschoolrensink.nl","http://www.rijschoolrensink.nl/","do_not_mail","role_based","info","rijschoolrensink.nl","","","","False","true","rijschoolrensink-nl.mail.protection.outlook.com","microsoft","","","","",""
"Rijschool Salland V.O.F.","0570 78 90 22","info@rijschoolsalland.nl","http://www.rijschoolsalland.nl/","do_not_mail","role_based","info","rijschoolsalland.nl","","","","False","true","aspmx.l.google.com","g-suite","","","","",""
"Rijschool Steden3hoek","0575846103","info@rijschoolsteden3hoek.nl","http://www.rijschoolsteden3hoek.nl/","do_not_mail","role_based","info","rijschoolsteden3hoek.nl","","","","False","true","mx01.provider.nl","","","","","",""
"RijschoolBart","0573460042","info@rijschoolbart.nl","http://www.rijschoolbart.nl/","do_not_mail","role_based","info","rijschoolbart.nl","","","","False","true","rijschoolbart-nl.mail.protection.outlook.com","microsoft","","","","",""
"V.O.F. Verkeersschool Voskamp","None","info@verkeersschoolvoskamp.nl","http://www.verkeersschoolvoskamp.nl/","do_not_mail","role_based_catch_all","info","verkeersschoolvoskamp.nl","","","","False","true","verkeersschoolvoskamp-nl.mail.protection.outlook.com","microsoft","","","","",""
"Verkeersschool Hazelhekke V.O.F.","0572 38 17 86","info@benhazelhekkerijschool.nl","http://www.benhazelhekkerijschool.nl/","do_not_mail","role_based","info","benhazelhekkerijschool.nl","","","","False","true","benhazelhekkerijschool-nl.mail.protection.outlook.com","microsoft","","","","",""
"Verkeersschool Joop Hagen","0570 63 50 36","info@joophagen.nl","http://www.joophagen.nl/","do_not_mail","role_based_catch_all","info","joophagen.nl","","","","False","true","mail.joophagen.nl","","","","","",""
"Voorrang","0570 63 46 60","info@rijschool-voorrang.nl","http://www.rijschool-voorrang.nl/","do_not_mail","role_based_catch_all","info","rijschool-voorrang.nl","","","","False","true","rijschoolvoorrang-nl02c.mail.protection.outlook.com","microsoft","","","","",""
"Autorijschool Flevo Traffic","06 38 44 17 37","info@flevotraffic.nl","http://www.flevotraffic.nl/","do_not_mail","role_based","info","flevotraffic.nl","","","","False","true","mail.flevotraffic.nl","","","","","",""
"Verkeersschool Ally","06 15 95 35 53","info@verkeersschoolally.nl","None","do_not_mail","role_based_catch_all","info","verkeersschoolally.nl","","","","False","true","mailfilter1b.mijndomein.nl","","","","","",""
"Auto- en Motorrijschool Schipperen V.O.F.","None","info@rijschoolschipperen.nl","http://www.rijschoolschipperen.nl/","do_not_mail","role_based_catch_all","info","rijschoolschipperen.nl","","","","False","true","primary.yourfilter.nl","","","","","",""
"Autorijschool Alex Boeve","06 15 02 68 73","contact@autorijschoolalexboeve.nl","None","do_not_mail","role_based_catch_all","contact","autorijschoolalexboeve.nl","","","","False","true","autorijschoolalexboeve-nl.mail.protection.outlook.com","microsoft","","","","",""
"Autorijschool Ron Schalken","0416 39 16 26","info@ronschalken.nl","None","do_not_mail","role_based","info","ronschalken.nl","","","","False","true","mail.ronschalken.nl","","","","","",""
"Elestric","183405674","info@elestric.nl","http://www.elestric.nl/","do_not_mail","role_based","info","elestric.nl","","","","False","true","mailfilter01.myrootnet.nl","","","","","",""
"Kern Verkeersopleidingen","0184 61 37 30","info@kernverkeersopleidingen.nl","http://www.kernverkeersopleidingen.nl/","do_not_mail","role_based","info","kernverkeersopleidingen.nl","","","","False","true","mail.kernverkeersopleidingen.nl","","","","","",""
"Nederveen opleidingen en trainingen B.V.","None","info@nederveen.com","http://www.nederveen.com/","do_not_mail","role_based","info","nederveen.com","","","","False","true","nederveen-com.mail.protection.outlook.com","microsoft","","","","",""
"Rijschool A. Versluis","0183 50 59 63","INFO@RIJSCHOOLVERSLUIS.NL","http://www.rijschoolversluis.nl/","do_not_mail","role_based","info","rijschoolversluis.nl","","","","False","true","rijschoolversluis.nl","","","","","",""
"Acm Rijopleidingen","06 21 80 67 77","info@acmrijopleidingen.nl","http://www.acmrijopleidingen.nl/","do_not_mail","role_based_catch_all","info","acmrijopleidingen.nl","","","","False","true","acmrijopleidingen-nl.mail.protection.outlook.com","microsoft","","","","",""
"rijbijvincent.nl","071 331 16 65","info@rijbijvincent.nl","None","do_not_mail","role_based","info","rijbijvincent.nl","","","","False","true","rijbijvincent-nl.mail.protection.outlook.com","microsoft","","","","",""
"Rijschool A.R.M.","071 531 59 06","info@rijschoolarm.nl","https://www.rijschoolarm.nl/","do_not_mail","role_based","info","rijschoolarm.nl","","","","False","true","mail.rijschoolarm.nl","","","","","",""
"Rijschool Joe","None","info@rijschooljoe.nl","https://www.rijschooljoe.nl/","do_not_mail","role_based_catch_all","info","rijschooljoe.nl","","","","False","true","rijschooljoe-nl.mail.protection.outlook.com","microsoft","","","","",""
"Rijschool Via Via","0715422996","info@rijschoolviavia.nl","None","do_not_mail","role_based","info","rijschoolviavia.nl","","","","False","true","mx10.antispam.mailspamprotection.com","siteground","","","","",""
"Route 71","071 234 00 71","hallo@route71.nl","https://www.route71.nl/","do_not_mail","role_based_catch_all","hallo","route71.nl","","","","False","true","route71.nl","","","","","",""
"1op1 autorijschool","070 406 7750","info@1op1-rijles.nl","http://www.1op1-rijles.nl/","do_not_mail","role_based","info","1op1-rijles.nl","","","","False","true","mail.1op1-rijles.nl","","","","","",""
"Auto-Motorrijschool Sjaak Buijs","06 41 27 89 67","info@rijschoolsjaakbuijs.nl","https://www.rijschoolsjaakbuijs.nl/","do_not_mail","role_based","info","rijschoolsjaakbuijs.nl","","","","False","true","aspmx.l.google.com","g-suite","","","","",""
"Autorijschool City Drivers","085 401 03 94","info@citydrivers.nl","None","do_not_mail","role_based","info","citydrivers.nl","","","","False","true","mx1.hostinger.com","hostinger","","","","",""
"Autorijschool Ready","None","info@rijschoolready.nl","http://www.rijschoolready.nl/","do_not_mail","role_based","info","rijschoolready.nl","","","","False","true","mx1.mxfilter.net","","","","","",""
"Autorijschool Zeugma","None","info@autorijschool-zeugma.nl","http://www.autorijschool-zeugma.nl/","do_not_mail","role_based","info","autorijschool-zeugma.nl","","","","False","true","mx1.mail-scanner.eu","","","","","",""
"Born2Drive","070 77 85 360","info@born2drive.nl","http://www.born2drive.nl/","do_not_mail","role_based","info","born2drive.nl","","","","False","true","born2drive.nl","","","","","",""
"ML Opleidingen B.V.","0174 72 53 39","info@ml-opleidingen.nl","None","do_not_mail","role_based","info","ml-opleidingen.nl","","","","False","true","mlopleidingen-nl0e.mail.protection.outlook.com","microsoft","","","","",""
"Rijschool Automobiel","None","info@rijschoolautomobiel.nl","http://www.rijschoolautomobiel.nl/","do_not_mail","role_based","info","rijschoolautomobiel.nl","","","","False","true","mail.rijschoolautomobiel.nl","","","","","",""
"RSD (Rijschool Den Haag)","None","info@rijschooldenhaag.nl","http://www.rijschooldenhaag.nl/","do_not_mail","role_based","info","rijschooldenhaag.nl","","","","False","true","mx.spamexperts.com","spamexperts","","","","",""
"Verkeerschool Fane","06 30 28 38 48","info@rijschoolfane.nl","https://www.rijschoolfane.nl/","do_not_mail","role_based","info","rijschoolfane.nl","","","","False","true","mx1-hosting.jellyfish.systems","","","","","",""
"Autorijschool M. Alkema","0593 59 27 32","info@autorijschoolalkema.nl","http://www.autorijschoolalkema.nl/","do_not_mail","role_based_catch_all","info","autorijschoolalkema.nl","","","","False","true","autorijschoolalkema-nl.mail.protection.outlook.com","microsoft","","","","",""
"Autorijschool Ouled","None","info@ouled.nl","http://www.ouled.nl/","do_not_mail","role_based","info","ouled.nl","","","","False","true","ouled-nl.mail.protection.outlook.com","microsoft","","","","",""
"Eikelenboom Rijopleiding","0528 35 05 24","info@eikelenboom-rijopleiding.nl","http://www.eikelenboom-rijopleiding.nl/","do_not_mail","role_based","info","eikelenboom-rijopleiding.nl","","","","False","true","mail.eikelenboom-rijopleiding.nl","","","","","",""
"Rijcenter Gons","0528 82 02 70","info@pietgonsrijopleidingen.nl","https://pietgonsrijopleidingen.nl/","do_not_mail","role_based_catch_all","info","pietgonsrijopleidingen.nl","","","","False","true","pietgonsrijopleidingen-nl.mail.protection.outlook.com","microsoft","","","","",""
"Rijschool Roanco","0528 35 18 85","info@roanco.nl","None","do_not_mail","role_based","info","roanco.nl","","","","False","true","smtp.rzone.de","","","","","",""
"Rijschool De Weg","0528 26 60 55","info@rijschooldeweg.nl","None","do_not_mail","role_based","info","rijschooldeweg.nl","","","","False","true","mx4-hostnet-nl.pub.mailpod13-cph3.one.com","","","","","",""
"Rijschool van de Belt","0523658458","info@rijschoolvandebelt.nl","http://www.rijschoolvandebelt.nl/","do_not_mail","role_based_catch_all","info","rijschoolvandebelt.nl","","","","False","true","pmg.scheer.me","","","","","",""
"Twins Rijopleidingen","0592 41 57 74","info@twinsrijopleidingen.nl","None","do_not_mail","role_based","info","twinsrijopleidingen.nl","","","","False","true","mail.twinsrijopleidingen.nl","","","","","",""
"Wouko Snijder rijopleidingen","None","Info@woukosnijder.nl","http://www.woukosnijder.nl/","do_not_mail","role_based_catch_all","info","woukosnijder.nl","","","","False","true","mx.spamexperts.com","spamexperts","","","","",""
"V.O.F. Verkeersschool Harms","0593 52 70 40","INFO@VERKEERSSCHOOLHARMS.NL","http://www.verkeersschoolharms.nl/","do_not_mail","role_based_catch_all","info","verkeersschoolharms.nl","","","","False","true","verkeersschoolharms-nl.i-v1.mx.microsoft","","","","","",""
"Auto- en Motorrijschool Peeters","None","info@peeters-verkeersopleiding.nl","http://www.peeters-verkeersopleiding.nl/","do_not_mail","role_based_catch_all","info","peeters-verkeersopleiding.nl","","","","False","true","primary.yourfilter.nl","","","","","",""
"Hoba-Horst","077 398 67 11","info@hobahorst.nl","http://www.hobahorst.nl/","do_not_mail","role_based","info","hobahorst.nl","","","","False","true","hobahorst.nl","","","","","",""
"Rijschool Frans Hegger","077 398 34 54","info@franshegger.nl","http://www.franshegger.nl/","do_not_mail","role_based","info","franshegger.nl","","","","False","true","mail.franshegger.nl","","","","","",""
"Verkeersschool Janssen B.V.","077 398 33 12","info@verkeersschooljanssen.nl","http://www.verkeersschooljanssen.nl/","do_not_mail","role_based","info","verkeersschooljanssen.nl","","","","False","true","mx.transip.email","","","","","",""
"Autorijschool Geijtenbeek","0332 86 55 74","info@autorijschoolgeijtenbeek.nl","http://www.autorijschoolgeijtenbeek.nl/","do_not_mail","role_based","info","autorijschoolgeijtenbeek.nl","","","","False","true","mail.nedict.nl","","","","","",""
"Rijschool Heller","033 277 22 37","info@rijschoolheller.nl","http://www.rijschoolheller.nl/","do_not_mail","role_based","info","rijschoolheller.nl","","","","False","true","mx3.pub.mailpod11-cph3.one.com","","","","","",""
"Verkeersschool Ariesen","0318 55 25 52","info@verkeersschoolariesen.nl","http://www.verkeersschoolariesen.nl/","do_not_mail","role_based","info","verkeersschoolariesen.nl","","","","False","true","verkeersschoolariesen-nl.mail.protection.outlook.com","microsoft","","","","",""
"Amir de Koning autorijschool","06 48 74 67 16","info@rijschoolamirdekoning.nl","None","do_not_mail","role_based","info","rijschoolamirdekoning.nl","","","","False","true","maildrop2.argewebhosting.nl","","","","","",""
"Auto en Motor Rijschool Bert van den Hoek","None","info@bertvdhoek.nl","None","do_not_mail","role_based","info","bertvdhoek.nl","","","","False","true","bertvdhoek-nl.mail.protection.outlook.com","microsoft","","","","",""
"Autorijschool Bleijenberg","0639858987","info@autorijschoolbleijenberg.nl","http://www.autorijschoolbleijenberg.nl/","do_not_mail","role_based","info","autorijschoolbleijenberg.nl","","","","False","true","mail.autorijschoolbleijenberg.nl","","","","","",""
"Autorijschool IJzerman","06 54 65 42 40","info@autorijschooljohanijzerman.nl","https://www.autorijschooljohanijzerman.nl/","do_not_mail","role_based","info","autorijschooljohanijzerman.nl","","","","False","true","maildrop3.argewebhosting.nl","","","","","",""
"Autorijschool Klinkert","030 6994456","info@autorijschoolklinkert.nl","http://www.autorijschoolklinkert.nl/","do_not_mail","role_based","info","autorijschoolklinkert.nl","","","","False","true","autorijschoolklinkert.nl","","","","","",""
"Autorijschool Peter Kooiman","033 472 63 48","info@rijschoolkooiman.nl","http://www.rijschoolkooiman.nl/","do_not_mail","role_based","info","rijschoolkooiman.nl","","","","False","true","mx10.antispam.mailspamprotection.com","siteground","","","","",""
"Autorijschool Prima","None","info@autorijschoolprima.nl","http://www.autorijschoolprima.nl/","do_not_mail","role_based_catch_all","info","autorijschoolprima.nl","","","","False","true","spamrelay.zxcs.nl","","","","","",""
"Autorijschool Sandra","0342 41 48 79","info@autorijschoolsandra.nl","http://www.autorijschoolsandra.nl/","do_not_mail","role_based","info","autorijschoolsandra.nl","","","","False","true","smtp.rzone.de","","","","","",""
"Autorijschool TonTon","033 494 70 37","info@autorijschooltonton.nl","http://www.autorijschooltonton.nl/","do_not_mail","role_based","info","autorijschooltonton.nl","","","","False","true","mx1.mijndomein.nl","","","","","",""
"Autorijschool Van der Heijden B.V.","033 494 24 21","info@rijschoolvanderheijden.nl","http://www.rijschoolvanderheijden.nl/","do_not_mail","role_based","info","rijschoolvanderheijden.nl","","","","False","true","mail.rijschoolvanderheijden.nl","","","","","",""
"L op het dak","033 246 23 12","info@lophetdak.nl","None","do_not_mail","role_based","info","lophetdak.nl","","","","False","true","smtpin.rzone.de","","","","","",""
"Mark Karreman Rijopleidingen","0636036359","info@rijopleidingkarreman.nl","None","do_not_mail","role_based_catch_all","info","rijopleidingkarreman.nl","","","","False","true","rijopleidingkarreman.nl","","","","","",""
"Rijschool Henry van Lagen","0342 40 18 78","info@rijschoolhenryvanlagen.nl","http://www.rijschoolhenryvanlagen.nl/","do_not_mail","role_based","info","rijschoolhenryvanlagen.nl","","","","False","true","rijschoolhenryvanlagen-nl.mail.protection.outlook.com","microsoft","","","","",""
"Rijschool Malina","080 334 34 34","info@rijschoolmalina.nl","None","do_not_mail","role_based","info","rijschoolmalina.nl","","","","False","true","server5.domein-direct.nl","","","","","",""
"Rijschool Roordink","06 53 95 62 63","info@rijschoolroordink.nl","http://www.rijschoolroordink.nl/","do_not_mail","role_based","info","rijschoolroordink.nl","","","","False","true","rijschoolroordink-nl.mail.protection.outlook.com","microsoft","","","","",""
"Sky rijschool","033 752 20 72","info@skyrijschool.nl","http://www.skyrijschool.nl/","do_not_mail","role_based_catch_all","info","skyrijschool.nl","","","","False","true","smtp.rzone.de","","","","","",""
"Stichting VEC Subliem","0299 40 58 25","info@rijschoolremi.nl","None","do_not_mail","role_based","info","rijschoolremi.nl","","","","False","true","aspmx.l.google.com","g-suite","","","","",""
"Van Bladeren Rijschool/Fotografie","0342 47 06 80","info@vanbladerenrijschool.nl","https://www.vanbladerenrijschool.nl/","do_not_mail","role_based_catch_all","info","vanbladerenrijschool.nl","","","","False","true","srv1.flexfilter.nl","","","","","",""
"Van den Top Rijopleidingen","0318 41 55 45","info@toples.nl","http://www.toples.nl/","do_not_mail","role_based","info","toples.nl","","","","False","true","_dc-mx.fd157be9cb23.toples.nl","","","","","",""
"Auto- en motorrijschool Essers","045 531 27 36","info@rijschoolessers.nl","http://www.rijschoolessers.nl/","do_not_mail","role_based_catch_all","info","rijschoolessers.nl","","","","False","true","mx.sohosted.com","","","","","",""
"Auto- en Motorrijschool Schiprowski","045 532 44 15","info@schiprowski.nl","None","do_not_mail","role_based","info","schiprowski.nl","","","","False","true","vps1.damrow.eu","","","","","",""
"Autorijschool Biesmans","045 572 90 58","info@autorijschoolbiesmans.nl","https://autorijschoolbiesmans.nl/","do_not_mail","role_based_catch_all","info","autorijschoolbiesmans.nl","","","","False","true","autorijschoolbiesmans-nl.mail.protection.outlook.com","microsoft","","","","",""
"Autorijschool Jo Wetzels","0458885840","info@jowetzels.nl","http://www.jowetzels.nl/","do_not_mail","role_based_catch_all","info","jowetzels.nl","","","","False","true","jowetzels.nl","","","","","",""
"Maureen Hurkens","06 15 11 86 62","info@autorijschoolmaureenhurkens.nl","None","do_not_mail","role_based","info","autorijschoolmaureenhurkens.nl","","","","False","true","mx.spamservice.nl","","","","","",""
"Rijschool Fijten","06 20 62 67 49","info@rijschoolfijten.nl","http://www.rijschoolfijten.nl/","do_not_mail","role_based","info","rijschoolfijten.nl","","","","False","true","mail.rijschoolfijten.nl","","","","","",""
"Rijschool Karin","06 51 93 27 17","info@rijschool-karin.nl","None","do_not_mail","role_based","info","rijschool-karin.nl","","","","False","true","mail.rijschool-karin.nl","","","","","",""
"Verkeersschool Lou Schurer","045 531 71 00","info@louschurer.nl","http://www.louschurer.nl/","do_not_mail","role_based","info","louschurer.nl","","","","False","true","mail1.isnnl.com","","","","","",""
"Verkeersschool Vos","045 571 51 86","info@verkeersschool-vos.nl","http://www.verkeersschool-vos.nl/","do_not_mail","role_based_catch_all","info","verkeersschool-vos.nl","","","","False","true","maildrop3.argewebhosting.nl","","","","","",""
"123spoedopleiding","026 323 55 55","info@gratisherexamen.nl","None","do_not_mail","role_based","info","gratisherexamen.nl","","","","False","true","mx.mailprotect.be","","","","","",""
"Actief Rijopleiding","024 663 43 03","info@actiefrijopleiding.nl","http://www.actiefrijopleiding.nl/","do_not_mail","role_based","info","actiefrijopleiding.nl","","","","False","true","mx4.mailpod13-cph3.g1i.hostnet.nl","","","","","",""
"Auto- en Motorrijschool Roy Mengerink","0628475958","Info@autorijschoolmill.nl","https://www.autorijschoolmill.nl/","do_not_mail","role_based","info","autorijschoolmill.nl","","","","False","true","mail.autorijschoolmill.nl","","","","","",""
"Autorijschool Team Van Dijk","None","info@teamvandijk.nl","None","do_not_mail","role_based_catch_all","info","teamvandijk.nl","","","","False","true","filter10.antispamcloud.com","","","","","",""
"Autorijschool Actief","06 42 09 24 45","info@autorijschool-actief.nl","http://www.autorijschool-actief.nl/","do_not_mail","role_based_catch_all","info","autorijschool-actief.nl","","","","False","true","mx1.mijndomein.nl","","","","","",""
"Autorijschool Boon","0486 85 02 52","info@rijschoolboon.nl","None","do_not_mail","role_based","info","rijschoolboon.nl","","","","False","true","aspmx.l.google.com","g-suite","","","","",""
"Autorijschool Dyane","0243480803","info@autorijschooldyane.nl","http://www.autorijschooldyane.nl/","do_not_mail","role_based","info","autorijschooldyane.nl","","","","False","true","autorijschooldyane-nl.q-v1.mx.microsoft","","","","","",""
"Autorijschool Irene","024 345 05 20","info@rijschool-irene.nl","http://www.rijschool-irene.nl/","do_not_mail","role_based_catch_all","info","rijschool-irene.nl","","","","False","true","rijschoolirene-nl02c.mail.protection.outlook.com","microsoft","","","","",""
"Autorijschool Manders","024 354 15 22","info@autorijschoolmanders.nl","http://www.autorijschoolmanders.nl/","do_not_mail","role_based","info","autorijschoolmanders.nl","","","","False","true","mx2.vevida.com","","","","","",""
"Autorijschool Mark Scholten","0485514612","info@markscholten.nl","None","do_not_mail","role_based","info","markscholten.nl","","","","False","true","aspmx.l.google.com","g-suite","","","","",""
"Autorijschool Mink","024 344 75 80","info@autorijschoolmink.nl","https://www.autorijschoolmink.nl/","do_not_mail","role_based","info","autorijschoolmink.nl","","","","False","true","c8l1x8pgt.mx.service.one","","","","","",""
"Autorijschool Paul Lam B.V.","024 377 01 43","info@paullam.nl","http://www.paullam.nl/","do_not_mail","role_based_catch_all","info","paullam.nl","","","","False","true","paullam-nl.mail.protection.outlook.com","microsoft","","","","",""
"Autorijschool Roland van Perlo","024 641 38 60","info@autorijschool-vanperlo.nl","http://www.autorijschool-vanperlo.nl/","do_not_mail","role_based","info","autorijschool-vanperlo.nl","","","","False","true","mail.autorijschool-vanperlo.nl","","","","","",""
"Autorijschool Schevers","024 377 17 57","info@rijschoolschevers.nl","None","do_not_mail","role_based","info","rijschoolschevers.nl","","","","False","true","mx-in-3.webreus.nl","","","","","",""
"Autorijschool Van Den Bergh","026 351 20 24","info@verkeersschoolvdbergh.nl","http://www.verkeersschoolvdbergh.nl/","do_not_mail","role_based_catch_all","info","verkeersschoolvdbergh.nl","","","","False","true","verkeersschoolvdbergh.nl","","","","","",""
"Autorijschool VIANOR","048 750 75 42","info@autorijschoolvianor.nl","None","do_not_mail","role_based","info","autorijschoolvianor.nl","","","","False","true","aspmx.l.google.com","g-suite","","","","",""
"Eef Wullings Autorijschool","024 373 03 83","info@autorijschooleefwullings.nl","http://www.eefwullings.nl/","do_not_mail","role_based","info","autorijschooleefwullings.nl","","","","False","true","smtp.rzone.de","","","","","",""
"Krul Verkeersopleidingen","024 761 04 08","info@krul.pro","http://www.krul.pro/","do_not_mail","role_based_catch_all","info","krul.pro","","","","False","true","krul-pro.mail.protection.outlook.com","microsoft","","","","",""
"Melvin Davies","024 641 98 66","info@melvindavies.nl","None","do_not_mail","role_based","info","melvindavies.nl","","","","False","true","aspmx.l.google.com","g-suite","","","","",""
"Rijschool Didactiek","06 22 88 66 40","info@autorijschooldidactiek.nl","http://www.autorijschooldidactiek.nl/","do_not_mail","role_based","info","autorijschooldidactiek.nl","","","","False","true","mail.autorijschooldidactiek.nl","","","","","",""
"Rijschool Eric van der Velden","024 663 17 57","info@rijschoolericvandervelden.nl","http://www.rijschoolericvandervelden.nl/","do_not_mail","role_based_catch_all","info","rijschoolericvandervelden.nl","","","","False","true","smtp.rzone.de","","","","","",""
"Rijschool IBI IBI","None","info@rijschoolibi-ibi.nl","None","do_not_mail","role_based_catch_all","info","rijschoolibi-ibi.nl","","","","False","true","mx1.mijndomein.nl","","","","","",""
"Rijschool NivoXL","024 35 050 35","info@nivoxl.nl","http://INFO@rijschoolnivo.nl/","do_not_mail","role_based_catch_all","info","nivoxl.nl","","","","False","true","nivoxl-nl.mail.protection.outlook.com","microsoft","","","","",""
"Rijschool Westeraam","0481 35 45 03","info@rijschoolwesteraam.nl","http://www.rijschoolwesteraam.nl/","do_not_mail","role_based","info","rijschoolwesteraam.nl","","","","False","true","rijschoolwesteraam-nl.mail.protection.outlook.com","microsoft","","","","",""
"Rijschool-Maarten.nl","0623530960","info@rijschool-maarten.nl","http://rijschool-maarten.nl/","do_not_mail","role_based_catch_all","info","rijschool-maarten.nl","","","","False","true","mx1.mijndomein.nl","","","","","",""
"Van Beek uit Reek","06 33711195","info@vanbeekuitreek.nl","http://www.vanbeekuitreek.nl/","do_not_mail","role_based","info","vanbeekuitreek.nl","","","","False","true","mail.vanbeekuitreek.nl","","","","","",""
"Van der Heijden's autorijschool","0486 46 44 65","info@autorijschooladvanderheijden.nl","http://www.autorijschooladvanderheijden.nl/","do_not_mail","role_based","info","autorijschooladvanderheijden.nl","","","","False","true","mail.jouwweb.nl","","","","","",""
"Verkeersschool Cees Vendrik","0618826466","info@ceesvendrik.nl","None","do_not_mail","role_based","info","ceesvendrik.nl","","","","False","true","aspmx.l.google.com","g-suite","","","","",""
"A28-Rijopleidingen","0592 40 97 04","info@a28-rijopleidingen.nl","http://www.a28-rijopleidingen.nl/","do_not_mail","role_based","info","a28-rijopleidingen.nl","","","","False","true","mail.jouwweb.nl","","","","","",""
"Autorijschool Berghuis","06 29 33 00 24","info@rijschoolberghuis.nl","http://www.rijschoolberghuis.nl/","do_not_mail","role_based","info","rijschoolberghuis.nl","","","","False","true","mail.rijschoolberghuis.nl","","","","","",""
"Autorijschool Bjørn Stam","0592 37 49 41","info@bjornstam.nl","None","do_not_mail","role_based","info","bjornstam.nl","","","","False","true","bjornstam.nl","","","","","",""
"Autorijschool Buivenga","0592 34 00 82","info@buivenga.nl","None","do_not_mail","role_based","info","buivenga.nl","","","","False","true","mail.buivenga.nl","","","","","",""
"Autorijschool Hein","0592 858 424","info@autorijschoolhein.nl","None","do_not_mail","role_based_catch_all","info","autorijschoolhein.nl","","","","False","true","primary.yourfilter.nl","","","","","",""
"Berry Hof Rijopleidingen","0592 34 58 76","info@berryhof.nl","http://www.berryhof.nl/","do_not_mail","role_based","info","berryhof.nl","","","","False","true","mail.berryhof.nl","","","","","",""
"Koops NOVL Opleidingen","0592 37 20 98","info@koopsvec.nl","http://www.koopsvec.nl/","do_not_mail","role_based","info","koopsvec.nl","","","","False","true","koopsvec-nl.mail.protection.outlook.com","microsoft","","","","",""
"Rijschool Gijsbert","0516 430 032","info@rijschoolgijsbert.nl","None","do_not_mail","role_based_catch_all","info","rijschoolgijsbert.nl","","","","False","true","spamrelay.zxcs.nl","","","","","",""
"rijschool Hamming","06 11 87 95 78","info@rijschoolhamming.nl","http://www.rijschoolhamming.nl/","do_not_mail","role_based","info","rijschoolhamming.nl","","","","False","true","mx1.mijndomein.nl","","","","","",""
"Rijschool Hartenhof","0615263096","info@rijschoolhartenhof.nl","None","do_not_mail","role_based","info","rijschoolhartenhof.nl","","","","False","true","mx1.mail-scanner.eu","","","","","",""
"Wigers Rijopleiding","0592399626","info@wigersrijopleiding.nl","http://www.wigers.nl/","do_not_mail","role_based","info","wigersrijopleiding.nl","","","","False","true","mx1.emailsrvr.com","rackspace","","","","",""
"Autorijschool Ed van Rozelaar","06 51 64 00 97","info@edvanrozelaar.nl","None","do_not_mail","role_based","info","edvanrozelaar.nl","","","","False","true","mx1.mijndomein.nl","","","","","",""
"Rijschool Van Heuven","022 852 71 84","info@rijschoolvanheuven.nl","None","do_not_mail","role_based","info","rijschoolvanheuven.nl","","","","False","true","mail.rijschoolvanheuven.nl","","","","","",""
"Verkeersschool De Lange V.O.F.","0228 54 15 22","info@verkeersschooldelange.nl","http://www.verkeersschooldelange.nl/","do_not_mail","role_based","info","verkeersschooldelange.nl","","","","False","true","verkeersschooldelange-nl.mail.protection.outlook.com","microsoft","","","","",""
"Arnhemse Rijschool","None","info@taxiarnhem.nl","None","do_not_mail","role_based","info","taxiarnhem.nl","","","","False","true","aspmx.l.google.com","g-suite","","","","",""
"Autorijschool De Eglantier","055 533 72 20","info@autorijschooldeeglantier.nl","None","do_not_mail","role_based","info","autorijschooldeeglantier.nl","","","","False","true","autorijschooldeeglantier.nl","","","","","",""
"Autorijschool R. Van Der Vegt","06 30 13 33 35","info@rvandervegt.nl","None","do_not_mail","role_based","info","rvandervegt.nl","","","","False","true","mail.rvandervegt.nl","","","","","",""
"Bloemzaad Verkeersopleidingen B.V.","055 366 66 10","info@apeldoorn-bloemzaad.nl","http://www.apeldoorn-bloemzaad.nl/","do_not_mail","role_based","info","apeldoorn-bloemzaad.nl","","","","False","true","apeldoornbloemzaad-nl02c.mail.protection.outlook.com","microsoft","","","","",""
"Rijschool Topper","06 53 63 70 75","info@rijschooltopper.nl","http://www.rijschooltopper.nl/","do_not_mail","role_based_catch_all","info","rijschooltopper.nl","","","","False","true","mx.spamexperts.com","spamexperts","","","","",""
"Rijschool van der Vliet","055 541 04 22","info@dickvdvliet.nl","http://www.dickvdvliet.nl/","do_not_mail","role_based","info","dickvdvliet.nl","","","","False","true","mx1.antispam-login.net","","","","","",""
"V.O.F. Verkeersschool De Veluwe","None","info@verkeersschool-develuwe.nl","http://www.verkeersschool-develuwe.nl/","do_not_mail","role_based","info","verkeersschool-develuwe.nl","","","","False","true","mx3.vevida.com","","","","","",""
"Van Bokhorst Opleidingen B.V.","055 355 05 50","info@vanbokhorst.nl","http://www.vanbokhorst.nl/","do_not_mail","role_based_catch_all","info","vanbokhorst.nl","","","","False","true","mailin1.vanbokhorst.nl","","","","","",""
"Verkeersschool Frank Schuurman","055 366 43 63","info@frankschuurman.nl","http://www.frankschuurman.nl/","do_not_mail","role_based_catch_all","info","frankschuurman.nl","","","","False","true","frankschuurman-nl.mail.protection.outlook.com","microsoft","","","","",""
"Auto-Motorrijschool Herweijer","06 51 66 21 23","info@verkeersschoolherweijer.nl","http://www.verkeersschoolherweijer.nl/","do_not_mail","role_based","info","verkeersschoolherweijer.nl","","","","False","true","mx3.mailpod13-cph3.g1i.hostnet.nl","","","","","",""
"Autorijschool Bakker V.O.F.","06 51167088","info@autorijschool-bakker.nl","http://www.autorijschool-bakker.nl/","do_not_mail","role_based","info","autorijschool-bakker.nl","","","","False","true","mail.autorijschool-bakker.nl","","","","","",""
"Autorijschool Buytendijk","06 53 13 57 26","info@rijschoolbuytendijk.nl","http://www.rijschoolbuytendijk.nl/","do_not_mail","role_based_catch_all","info","rijschoolbuytendijk.nl","","","","False","true","rijschoolbuytendijk.nl","","","","","",""
"Autorijschool Gerard Vlaar","None","info@gerardvlaar.nl","http://www.gerardvlaar.nl/","do_not_mail","role_based_catch_all","info","gerardvlaar.nl","","","","False","true","gerardvlaar-nl.mail.protection.outlook.com","microsoft","","","","",""
"Autorijschool Jeffrey Vleugel","0227502446","info@autorijschooljeffreyvleugel.nl","None","do_not_mail","role_based","info","autorijschooljeffreyvleugel.nl","","","","False","true","autorijschooljeffreyvleugel.nl","","","","","",""
"Autorijschool Schipper","0229 23 28 38","info@autorijschoolschipper.nl","http://www.autorijschoolschipper.nl/","do_not_mail","role_based","info","autorijschoolschipper.nl","","","","False","false","","","","","","",""
"Autorijschool Schneiders","0229 85 40 00","info@autorijschoolschneiders.nl","http://www.autorijschoolschneiders.nl/","do_not_mail","role_based","info","autorijschoolschneiders.nl","","","","False","true","mail.autorijschoolschneiders.nl","","","","","",""
"Autorijschool Westfrisia","0229 29 77 64","info@rijschoolwestfrisia.nl","http://www.rijschoolwestfrisia.nl/","do_not_mail","role_based","info","rijschoolwestfrisia.nl","","","","False","true","mail.rijschoolwestfrisia.nl","","","","","",""
"Kohn & Zn.nl","0299 64 97 16","info@kohnzn.nl","http://www.kohnzn.nl/","do_not_mail","role_based","info","kohnzn.nl","","","","False","true","primary.yourfilter.nl","","","","","",""
"Nijman Rijopleidingen","06 15 08 50 29","info@nijmanrijopleidingen.nl","http://www.nijmanrijopleidingen.nl/","do_not_mail","role_based","info","nijmanrijopleidingen.nl","","","","False","true","mail.nijmanrijopleidingen.nl","","","","","",""
"Rijschool Mooij V.O.F.","0226 35 78 73","info@rijschoolmooij.nl","http://www.rijschoolmooij.nl/","do_not_mail","role_based","info","rijschoolmooij.nl","","","","False","true","mail.rijschoolmooij.nl","","","","","",""
"Rijschool West-Friesland","0229 75 77 74","info@rijschoolwestfriesland.nl","http://www.rijschoolwestfriesland.nl/","do_not_mail","role_based_catch_all","info","rijschoolwestfriesland.nl","","","","False","true","rijschoolwestfriesland-nl.mail.protection.outlook.com","microsoft","","","","",""
